,Medellin,MedellinRural,MedellinUrbano
2007-01-06,13.096688152403944,14.097693079335679,12.628932735686167
2007-01-13,8.437043773367051,6.910390304712857,9.067214477347724
2007-01-20,19.37316489428543,21.61696791441544,18.40666488797429
2007-01-27,0.0,0.0,0.0
2007-02-03,3.725206370496929,3.144224784685218,3.9010209884247096
2007-02-10,12.088275492415113,12.500651958944715,12.02229607897111
2007-02-17,1.4694188973482918,0.005340154159472184,2.1171299940420396
2007-02-24,6.801017277381,8.832785040629659,5.9728711033858595
2007-03-03,31.985303761514466,33.24117832275981,31.41112971047282
2007-03-10,24.676535653978476,24.93345099739407,24.56207332274949
2007-03-17,43.16689639127299,44.06303265451809,42.65439032700285
2007-03-24,36.59812361248146,38.458218597559544,35.78635180852988
2007-03-31,91.35664455531088,95.8898041308214,89.28159654458292
2007-04-07,58.00760329582814,59.080759298398306,57.390467354468065
2007-04-14,47.196685160206016,45.80359773313366,48.07685686008887
2007-04-21,62.31869971229974,60.83723634544779,63.139841975640024
2007-04-28,32.584907720473886,29.027088101704916,34.33546288111497
2007-05-05,69.14131790690487,72.61751172093379,67.49554692325258
2007-05-12,72.83190365227054,67.6235446324095,75.16562268791078
2007-05-19,113.71953999354633,114.59274978775908,113.08332164331739
2007-05-26,89.36056221292374,86.24515049699426,90.7201575636056
2007-06-02,37.06938622352926,36.10694825614708,37.45948938627455
2007-06-09,10.419747816382422,9.338749432909315,10.943348184086544
2007-06-16,16.13045424517612,16.6848739022794,15.949271377750078
2007-06-23,8.501094798868678,7.645711702885836,8.922556720435
2007-06-30,4.4543342453815775,3.4098694429305443,4.9484162291304
2007-07-07,39.02519290919448,37.23709174826526,39.910436981897575
2007-07-14,54.351753656273345,56.62480305381443,53.318086856961855
2007-07-21,57.214578286577975,56.378517387684994,57.6880682978865
2007-07-28,15.665261657985486,17.06924324139305,15.13097288551451
2007-08-04,35.00835992274654,31.232185786242646,36.8058163065529
2007-08-11,58.065150725752005,58.18286955483293,58.12620641912642
2007-08-18,54.780984376115406,54.20189011569185,55.19893830801856
2007-08-25,71.0007907225283,67.68332734223151,72.50942107772484
2007-09-01,42.58042010526932,45.56730806470493,41.35337647215253
2007-09-08,35.50864616517579,33.48589098188613,36.29174776051414
2007-09-15,63.564563842977535,66.84341365565425,61.81656727573207
2007-09-22,56.59678203441921,57.47152923823555,55.953326103539695
2007-09-29,58.98382119034348,56.7097242406025,60.08514108886237
2007-10-06,89.70146941870115,97.71329204034114,86.09158749910054
2007-10-13,68.90299988598639,73.94488520461006,66.43134158841636
2007-10-20,48.150601809702174,44.86380345257008,49.518280099540405
2007-10-27,102.87840062506655,105.55018041951645,101.62678108870364
2007-11-03,38.87780623307663,38.080000523092664,39.20156794352818
2007-11-10,16.49852702390864,15.978010785752451,16.786700909352124
2007-11-17,39.52400991973352,38.75484350084683,39.78394231136923
2007-11-24,30.11811621481546,31.06045679723583,29.714687695397657
2007-12-01,1.5214586604074185,0.1464389211313736,2.128792406367437
2007-12-08,12.721332331026003,3.397459787562274,17.987387618811706
2007-12-15,23.996584960904084,16.381677949140613,27.443902419047607
2007-12-22,94.86294638677892,115.44576215697948,84.8992764386342
2007-12-29,3.5533868290754373,1.4210062957616243,4.458987585516791
2008-01-05,73.72752954127344,72.85822238231052,73.96899791201261
2008-01-12,2.456349069544013,1.4495637280929492,2.8694953310829026
2008-01-19,11.824783838884402,13.958682227940951,10.95067377581728
2008-01-26,5.8361261945791325,5.953390907895738,5.814858547767471
2008-02-02,0.0,0.0,0.0
2008-02-09,20.01973787699832,20.71299483303863,19.82161863734698
2008-02-16,115.42082614639078,121.87457138006238,112.55725867426132
2008-02-23,20.503825939641583,20.76028734842936,20.248001751078775
2008-03-01,74.07867202845324,76.7812485685671,72.81094419541427
2008-03-08,42.931198968905235,46.20799904468555,41.14528029933538
2008-03-15,14.157661440972243,13.783305450568454,14.596581643057581
2008-03-22,35.1151367393095,36.038430384391745,34.784998012569446
2008-03-29,35.693698350270196,34.375098327507715,36.37947802623365
2008-04-05,65.48616282468444,69.34898185822124,63.773463493766045
2008-04-12,18.08207867948224,15.704470697117312,19.368124078853175
2008-04-19,68.54635272134976,66.37036788359933,69.58482481352733
2008-04-26,97.91282267445169,98.30835406906938,97.73423587343999
2008-05-03,53.602140900078645,54.98145530166257,52.87610892365004
2008-05-10,39.81351806672852,38.499005872846226,40.63548011258346
2008-05-17,127.11139015292049,134.95771078441453,122.98663831651345
2008-05-24,70.48600637867992,67.49726602858392,72.46972757004205
2008-05-31,70.5259121813076,68.1032261081364,71.64617382494293
2008-06-07,66.51134813712149,63.817165516194514,68.05565989895531
2008-06-14,31.557023677718508,29.46219145272665,32.66733979510873
2008-06-21,72.49242761358153,70.09884488317701,73.86633167065382
2008-06-28,68.34663651810868,65.57239499506744,69.86939027128423
2008-07-05,38.011185730577864,41.86522914568583,36.18400663258639
2008-07-12,73.89032424913627,74.37041517847402,73.73979291019535
2008-07-19,19.337259087380538,19.054953882890047,19.447997258466884
2008-07-26,57.2746317798414,57.38996559548493,57.31970056257149
2008-08-02,31.59979663019037,29.596764953815992,32.571973144657946
2008-08-09,54.56782910104687,53.62552886861534,55.07347120314339
2008-08-16,78.72972400398815,79.57994886250887,78.39671522613247
2008-08-23,85.51756048978345,81.45686167933515,87.75320825305289
2008-08-30,69.23075956799957,71.82058530706139,67.97898950180316
2008-09-06,14.307816801142785,14.370295436601133,14.232351092800963
2008-09-13,78.82354372933747,77.05176023446421,79.66331971666686
2008-09-20,56.44804240876952,59.03379682826536,54.98308585135042
2008-09-27,89.93891589453581,89.7177707584584,90.06782169553203
2008-10-04,52.125739634111625,53.258623750659,51.626442665327644
2008-10-11,75.78452673334354,77.80402468252872,74.74580731717268
2008-10-18,53.96154068080297,51.48918963906846,55.17193773177432
2008-10-25,52.311383798811704,54.767463245483995,51.10276058988231
2008-11-01,62.14232555408502,65.95879545257864,60.05163952585695
2008-11-08,45.684662098580226,48.828963831657376,44.23280242682042
2008-11-15,71.78997981980984,74.64722292987621,70.17312241936506
2008-11-22,86.13355977872436,86.68390284644234,86.12001890129922
2008-11-29,2.7248944818451353,0.13500652773944652,3.8721333067179056
2008-12-06,59.90237092061694,60.87218467532724,59.252866715583345
2008-12-13,7.286105457772599,5.841833879867038,8.22461068807982
2008-12-20,0.0,0.0,0.0
2008-12-27,0.08685588538273702,0.0,0.12543669664854384
2009-01-03,27.86451521116742,31.916800242806406,25.912793014688404
2009-01-10,15.865106921694304,20.73351996877919,13.616226297237192
2009-01-17,52.91974502287161,48.42468730263089,54.99628142496067
2009-01-24,18.591394750883943,17.317799046650027,19.07321349237497
2009-01-31,11.55201464324481,16.23032961306365,9.443029041372162
2009-02-07,44.56620636556264,46.96922313994256,43.50067989501918
2009-02-14,26.16536154884271,31.11963510052594,23.889745188039512
2009-02-21,20.476978158771768,20.85010441535913,20.352789594423594
2009-02-28,42.34962216411275,42.712329119069565,42.18297582528089
2009-03-07,19.066670825842472,19.41615639423979,18.88238762505605
2009-03-14,41.563764828764306,45.74629733504881,39.742454996811446
2009-03-21,62.6781282635296,61.84840940346464,62.99035251921677
2009-03-28,80.54186065638616,78.09136001292057,81.9912920405409
2009-04-04,29.430229017224267,31.10090262740131,28.822147801188507
2009-04-11,48.97890432673192,48.44847684804944,49.21596561715013
2009-04-18,29.977908902383117,30.80756495701518,29.57850131803221
2009-04-25,49.055779747954,48.71763866926737,49.140091173367665
2009-05-02,94.04840292426314,96.81357235609045,92.78806595903579
2009-05-09,46.12086458834301,42.40623574786716,47.68741904261745
2009-05-16,26.390494174705132,26.13235999961982,26.447950336333047
2009-05-23,27.66196572802989,26.28286709578141,28.33463836384208
2009-05-30,30.73092391583439,29.10588788571565,31.50895522333517
2009-06-06,58.11538937042592,56.44104684493393,59.15068609015306
2009-06-13,52.352334011444015,49.036320644185174,54.07439570334289
2009-06-20,45.68615318478572,45.035202247969764,46.18469301101799
2009-06-27,41.2476759437327,41.422871240210426,41.25856994946942
2009-07-04,42.198652295430705,41.99215926824561,42.30042566425705
2009-07-11,4.822835510790124,5.655365611274461,4.425755580356096
2009-07-18,25.237511401033224,26.28307172411306,24.70214719563332
2009-07-25,2.901729140174255,2.7252853782856525,2.9873793762946526
2009-08-01,31.291949238063996,29.163193054706,32.3997264147559
2009-08-08,20.059008615112425,18.20936619371608,20.863210647288245
2009-08-15,37.294014927218946,33.74613739718562,38.87754533563434
2009-08-22,29.277635658115553,32.18507082082223,28.10227439223616
2009-08-29,23.97864717763565,21.53834963489846,25.026059511017056
2009-09-05,11.266215667632107,11.839299721879085,10.977964584395407
2009-09-12,58.48892247706689,58.587801129806444,58.26432758297686
2009-09-19,17.523574385535582,16.146058497451932,18.102051704435183
2009-09-26,13.779572053606133,13.645142121245897,13.834267658504274
2009-10-03,40.850301681830075,41.61897906796368,40.43302313106069
2009-10-10,64.30607286591703,66.99906875131211,62.967246652888434
2009-10-17,51.072827548795715,52.96658256871689,50.10970617579595
2009-10-24,68.20977647306027,70.77284373499921,67.07428181112164
2009-10-31,68.49901436983569,68.29129168238617,68.62952844341362
2009-11-07,54.6755361859879,56.467313965507174,53.78762300101762
2009-11-14,39.1128014530497,42.06271579115863,37.78224703266887
2009-11-21,8.510452835483756,7.592232950758818,8.914727532642761
2009-11-28,18.943843545618286,19.632636446883712,18.65315236972028
2009-12-05,0.0,0.0,0.0
2009-12-12,44.97379086521898,39.958357792084925,47.13015379153708
2009-12-19,31.40040414369151,35.52872205794146,29.66255392814943
2009-12-26,0.0,0.0,0.0
2010-01-02,0.0,0.0,0.0
2010-01-09,0.0,0.0,0.0
2010-01-16,0.0,0.0,0.0
2010-01-23,34.33897968817115,35.2191533441129,33.93365801829749
2010-01-30,0.0,0.0,0.0
2010-02-06,0.0,0.0,0.0
2010-02-13,12.339679831631937,13.133823267618816,11.992603825273099
2010-02-20,33.5296000416795,35.06402397409154,32.838296367418586
2010-02-27,18.351786534090962,19.61799756985356,17.72738593076076
2010-03-06,20.06195773484561,22.028536462092745,19.218280805595526
2010-03-13,21.740240518381363,20.85492865198476,22.11930448293578
2010-03-20,0.7138460723867406,0.2397630316047853,0.9175622976047122
2010-03-27,47.64735721765979,46.6571702607012,48.06063807910242
2010-04-03,77.66806611474674,78.73471207134966,77.25257603313068
2010-04-10,50.733116365941214,51.858217532392864,50.23294637949823
2010-04-17,24.21288725864305,20.309985029294296,26.051706444662294
2010-04-24,64.82279438503991,69.58907442415395,62.59070055311318
2010-05-01,57.27511170047694,56.37927756240403,57.65272033586257
2010-05-08,52.778983906974474,51.4353345433295,53.247991086453055
2010-05-15,55.14310625960144,55.04070405867941,55.050541319030486
2010-05-22,72.46720220791981,74.55095497490706,71.4772262338379
2010-05-29,65.00375756871267,67.08359578496592,63.94641907485536
2010-06-05,36.05440854190736,36.546158544568044,36.01807878225355
2010-06-12,53.86718214684644,54.88558878092374,53.534707592452655
2010-06-19,70.16669392570836,68.94874031048465,70.96037759686078
2010-06-26,39.9124037182525,37.33577690308796,41.25801894010811
2010-07-03,56.60202645449823,56.96984811312911,56.52170837771231
2010-07-10,70.89878392323982,70.93310051701495,70.81456218711726
2010-07-17,71.79932811576522,73.22573147142568,71.31941952944557
2010-07-24,33.278138473424804,30.724553657384313,34.56000377385259
2010-07-31,58.620953048125976,60.00776101909399,58.167852924465876
2010-08-07,23.432048708424254,20.45779736871305,24.840523028933944
2010-08-14,42.531360697537394,40.673675344992375,43.46660500438947
2010-08-21,51.17129013065403,50.95020252218569,51.29735270130435
2010-08-28,89.09289951131996,87.34072852249884,89.87249513400717
2010-09-04,73.47751332045496,72.89405780138024,73.59954545684276
2010-09-11,71.52908677138733,74.0163584805917,70.18295302716413
2010-09-18,100.32463285770822,103.96076122965792,98.37149740267381
2010-09-25,66.24611931121692,65.24531078983621,66.70083945593682
2010-10-02,93.6443840674077,99.70395562452971,90.56604717955351
2010-10-09,13.059640136021695,13.291953775617813,12.971613904872846
2010-10-16,40.39075043346169,35.16197459501921,42.899913071508706
2010-10-23,67.19670346606807,72.06607540609755,64.8505944587287
2010-10-30,90.96912762533887,98.29023192861808,87.57222435175969
2010-11-06,76.41275329449599,80.55735334497719,74.47678508814568
2010-11-13,90.95422194135354,96.59545182490696,88.4850651406617
2010-11-20,40.93106643443413,40.98769806479486,40.98670891383844
2010-11-27,89.97355124783307,99.70011373464612,85.70346065866856
2010-12-04,32.37411870884806,25.00888313072315,35.65779373110337
2010-12-11,68.41859587739793,71.65070696568144,67.05583246509468
2010-12-18,23.418240397385276,24.411896808826985,22.90701506873681
2010-12-25,17.430974994344318,19.048171098681465,16.702263816147436
2011-01-01,33.11568855732045,40.939849417681856,29.673230749527583
2011-01-08,25.703549291374387,22.95105258370367,26.85957206022777
2011-01-15,6.622354847319583,11.394550205083284,4.385247747875477
2011-01-22,6.046471311094167,1.0617887948446227,8.21630620288461
2011-01-29,0.0,0.0,0.0
2011-02-05,51.761959690996946,59.39745063989059,48.302048578878576
2011-02-12,67.45956677556485,75.19037344674557,63.67620512634396
2011-02-19,4.485227191254253,4.160965092285821,4.600078144926752
2011-02-26,36.63430099194876,36.72549140418785,36.687654324586276
2011-03-05,48.14569643173408,50.475066820319725,47.01407928914977
2011-03-12,5.221074613522229,6.121579031091959,4.807567368467308
2011-03-19,98.19884099396359,100.33471798873757,97.18703833048667
2011-03-26,21.361424173856708,18.842537722956152,22.53546145788642
2011-04-02,70.30216634542086,75.64641315718204,67.78521688136374
2011-04-09,119.56049930676353,120.04866457860827,119.53548472594527
2011-04-16,71.54996945771467,69.39548222408202,72.90769067049781
2011-04-23,111.55816800483923,116.92158063759553,108.73375871242897
2011-04-30,36.35670250889207,36.07310969587686,36.44061403903711
2011-05-07,70.59282579022147,69.17725006255552,71.05443446764406
2011-05-14,27.719432147483207,28.372780620879023,27.365573463642487
2011-05-21,85.18200616499361,92.34759890238445,81.73599052515388
2011-05-28,62.485971394707164,55.650904466103825,65.73149615803618
2011-06-04,33.60792269605271,36.39486279441539,32.26067289215809
2011-06-11,24.896028634902088,24.768177726764037,25.032809345796537
2011-06-18,62.616737873816824,63.95184789464094,62.27822867023746
2011-06-25,57.89594189112118,54.934777342294154,59.359482786744856
2011-07-02,11.822043588634426,12.733457397262834,11.41113199731962
2011-07-09,64.70844182991266,64.8751108246725,64.66802693549941
2011-07-16,28.89242576157793,29.322525590686983,28.728388466961075
2011-07-23,46.090680124986456,46.43050474579208,45.928404239255066
2011-07-30,38.78715942581843,36.97576350658988,39.73633541319632
2011-08-06,14.880213257442874,15.582085097124036,14.68477195353191
2011-08-13,56.08573565405511,54.69147916669431,56.84819203871061
2011-08-20,36.04886839446497,35.02048689754689,36.50989876954846
2011-08-27,26.35032025520435,25.813363363662205,26.63129160170419
2011-09-03,41.117900904785564,40.26939503950773,41.35069141805954
2011-09-10,62.44470202191751,59.346308842488526,63.73976087839529
2011-09-17,58.2326601431874,64.57138983224326,55.17197690395765
2011-09-24,35.485114544219755,36.670273682460696,34.82234849156269
2011-10-01,61.14189894059126,64.89516721624108,59.41105894324902
2011-10-08,67.79271509859232,73.2096038233255,65.26678017044412
2011-10-15,83.30398733736726,84.21296326918304,82.84066787683959
2011-10-22,40.12318995740446,39.66054119257535,40.382243588560044
2011-10-29,53.38298737383604,53.61800746065408,53.20197083149568
2011-11-05,49.73102431840384,51.01075847897553,49.3750696920239
2011-11-12,84.57397839781339,98.49914199073534,77.94442289337765
2011-11-19,62.75298234010966,60.271627467611566,63.93017331281508
2011-11-26,52.3628251137811,53.619899352621914,51.756848259420345
2011-12-03,56.48781671810508,78.54354142820202,46.87942066528761
2011-12-10,56.093510532259785,35.58737858021316,65.62293077538685
2011-12-17,48.815936887965485,46.13191122110339,49.62481657649617
2011-12-24,30.300541045370334,30.67498357376615,30.077190415330243
2011-12-31,38.024992559370915,39.58679721228743,37.298844616175025
2012-01-07,1.4519607928279643,0.03693636557906146,2.077507409476286
2012-01-14,50.31052220445849,57.77959518017977,46.85720204676755
2012-01-21,12.567943133311216,13.110302781828358,12.31972867247749
2012-01-28,2.5859239322969105,0.013043900273272381,3.7284737690185676
2012-02-04,29.552717479433078,30.54366128916902,29.08021538030277
2012-02-11,1.4343193668000243,0.5911979550900667,1.7918561596273568
2012-02-18,0.0,0.0,0.0
2012-02-25,34.058021575846574,36.44368355470003,33.03027351032918
2012-03-03,25.98294231784209,24.354460289397675,26.686241331113393
2012-03-10,31.86803725544592,32.83889071952893,31.423617363730223
2012-03-17,43.840894541021285,42.555335477930335,44.48207427945765
2012-03-24,44.22894139380866,48.65392892878988,42.213936288918084
2012-03-31,60.736141710391784,70.42428084686759,56.313747564700186
2012-04-07,98.57283828732965,94.49941240716096,100.36039102664644
2012-04-14,78.90583557121745,80.65183031846937,78.19511626502587
2012-04-21,83.18334303689987,90.55073800340368,79.99230749468109
2012-04-28,82.64831974912197,84.85146827283114,81.70038865240677
2012-05-05,54.86497385398914,56.86483222873891,53.72285906200866
2012-05-12,38.84072147934547,37.840473790330016,39.380094585944455
2012-05-19,49.61859080863087,47.205825746923246,50.46900921475548
2012-05-26,14.865197336494703,15.58501569982888,14.5409296108919
2012-06-02,10.318280008263672,9.94655901590983,10.48391122145724
2012-06-09,43.455375482800314,41.052352647735304,44.70536557980593
2012-06-16,35.04372926849,34.810942931106126,35.38666067035071
2012-06-23,16.637051785879947,16.518082634262417,16.671492676523766
2012-06-30,33.096657967836,32.453268496656186,33.4087350196123
2012-07-07,44.240927196861946,45.86287952678791,43.63074095966694
2012-07-14,7.320561304856302,6.059863099441436,7.875895786517031
2012-07-21,11.811586095931682,11.328044023260402,12.052804395563182
2012-07-28,26.05449150974521,27.790435625850293,25.22838132622767
2012-08-04,28.23676996363865,23.586873470066827,30.50440925017666
2012-08-11,55.396639536781805,51.054154146351095,57.65993990480119
2012-08-18,64.6321963071077,61.893385725896714,65.94933611862918
2012-08-25,24.38595774609395,25.542223566396224,23.83580193959153
2012-09-01,6.486456102699751,6.55687003377555,6.43469508638007
2012-09-08,21.263688982801234,22.247969751657493,20.799896077930903
2012-09-15,30.794094239964206,30.799082664360746,30.755809424745518
2012-09-22,27.291366565995876,27.362178516618297,27.242941874968643
2012-09-29,43.952495696734125,44.21290433280134,43.7268422147132
2012-10-06,25.828930887024157,27.24473718053477,25.252594138937084
2012-10-13,91.10005739961606,95.13264353977887,89.11506632254559
2012-10-20,72.15922551921969,77.072156185574,69.77955404472094
2012-10-27,30.322279578678604,29.83408185664007,30.605193326444148
2012-11-03,19.60615984922058,19.924217796556043,19.33439150709832
2012-11-10,68.64347555252428,72.97744643676684,66.33505152492462
2012-11-17,62.29276906891967,59.28462155061068,64.00722356021431
2012-11-24,32.22457496066565,30.880181169279535,32.74524333172129
2012-12-01,40.94897777576919,39.99045955270961,41.46970975549848
2012-12-08,15.449643882627928,16.06592446202817,15.117094856444064
2012-12-15,0.0,0.0,0.0
2012-12-22,11.450502216219155,11.274345839081182,11.50143209906439
2012-12-29,0.19598266433863826,0.0,0.28303687086592316
2013-01-05,0.0,0.0,0.0
2013-01-12,19.532405318918457,20.922434234158427,18.856959229942046
2013-01-19,11.588065744192342,12.185154643957167,11.285159722960378
2013-01-26,0.0,0.0,0.0
2013-02-02,68.95670288838494,79.06822877782554,64.06134677655118
2013-02-09,7.4301833357470795,3.6750671884287955,9.233757019904852
2013-02-16,22.723372741396048,22.480424966213207,22.954709403395285
2013-02-23,27.3743664455951,32.64123496848028,24.759520169140472
2013-03-02,8.277004050634083,7.345320603582595,8.681788810334808
2013-03-09,17.540288955122417,18.715429746471166,16.98397230978094
2013-03-16,50.51605782908702,51.44883084366286,50.099213673203344
2013-03-23,31.03988167624897,30.450394148872675,31.34253131470635
2013-03-30,18.789692258879597,18.88028505274639,18.74798957659441
2013-04-06,19.379574942238193,18.94202161388121,19.63645711900743
2013-04-13,48.04472111488164,45.607557757810696,49.21476979865459
2013-04-20,46.60642133002287,44.12506042333042,47.75902551048976
2013-04-27,74.04674765986108,72.57677090041302,74.53628362965057
2013-05-04,48.02843473044146,47.411667912708964,48.202020050010915
2013-05-11,50.781059068344405,53.082629738683295,49.676552271552076
2013-05-18,96.03341094155485,92.56836958991158,97.48603860921469
2013-05-25,45.3562153867995,43.257663712063845,46.28527633647169
2013-06-01,11.45639490663483,11.445691904238458,11.470207880483837
2013-06-08,26.77575455559359,26.49181183870288,26.918046516904553
2013-06-15,38.629500109874854,37.4724085100607,39.279235009418805
2013-06-22,56.31709693847819,55.15637180171727,56.99195271641541
2013-06-29,14.775442605546779,14.893805446947255,14.765304581913213
2013-07-06,25.387968048098987,25.244258738024797,25.45274272231134
2013-07-13,8.250656273360544,7.741286561684909,8.546283004944323
2013-07-20,10.753539516962364,11.102466090635403,10.55656558625363
2013-07-27,20.10732342252445,20.340470920438356,19.91057486373593
2013-08-03,38.669843335996134,36.56733623656674,39.61426685613796
2013-08-10,72.7941347050279,67.86560021967128,75.31642764281537
2013-08-17,32.466467551131714,34.76150650494341,31.446674686075067
2013-08-24,40.931726733793745,39.293855263530354,41.68649362235709
2013-08-31,57.072596912091605,58.351649781932,56.34557728502367
2013-09-07,37.07035721523293,36.32417900251306,37.39938792593061
2013-09-14,18.306617020292485,19.11090956678713,17.8857116289824
2013-09-21,23.87361920469246,23.878403134161722,23.8041163143183
2013-09-28,76.96532453956533,77.3195704298895,76.7969691435568
2013-10-05,36.85434742818339,38.02503787192746,36.21616142624598
2013-10-12,77.11031752242913,78.0134925833071,76.61126627622554
2013-10-19,44.37990525875879,45.05569146059562,44.18680801835472
2013-10-26,28.61178898229468,29.823966472736302,28.03857896126507
2013-11-02,90.46686671224792,91.602192017652,89.66642058299671
2013-11-09,22.966732870353773,24.906585534874367,22.28145313650787
2013-11-16,47.17681636738687,36.88562400559873,51.82330421640816
2013-11-23,40.69334285847087,46.55843714239517,38.151898079849296
2013-11-30,65.44783438923064,78.0100554820996,59.77761670404358
2013-12-07,20.390198101910837,18.379665089574992,21.25597770430629
2013-12-14,33.40714248906686,31.156137565023084,34.403493727810286
2013-12-21,0.04205273746399766,0.025971120567137494,0.04858582880612256
2013-12-28,5.078861495281787,0.3520172635138323,7.162798535053514
2014-01-04,39.03970176511175,43.03715272433516,37.12286528795486
2014-01-11,0.42328495421308154,0.021005086852732488,0.5983320301709216
2014-01-18,15.661467980532832,14.131475529463394,16.40116810992569
2014-01-25,12.881561189778008,13.291830864505492,12.706194535887624
2014-02-01,1.343628174969192,1.8769147168035094,1.059145705494146
2014-02-08,10.049571698986098,8.616162318538352,10.7759690351525
2014-02-15,25.122123558768937,26.563789036423685,24.366107995618915
2014-02-22,55.931018755641844,60.17390071021186,53.86538619495224
2014-03-01,43.63585470197198,44.387061167684735,43.12670754653752
2014-03-08,39.32667521615798,37.95345669714149,39.94056135628809
2014-03-15,18.44087086146107,18.779286174267387,18.254693193668377
2014-03-22,10.307088592174802,11.9226716797133,9.62837120660333
2014-03-29,9.929058126722918,9.885679816047928,9.961174652041002
2014-04-05,8.898264446753885,10.31136624985847,8.207530719362337
2014-04-12,36.694410046662796,33.48860350599611,38.27568039816535
2014-04-19,81.18012705389341,82.9094416551544,80.43505699441707
2014-04-26,43.57062297753607,43.64035429148282,43.41803821394791
2014-05-03,48.53005341363043,46.009224208887076,49.60870183101349
2014-05-10,35.09314513102043,36.9990562743035,34.13434421666004
2014-05-17,42.56596987119157,39.092858439827886,44.0549885734303
2014-05-24,62.71903447737831,61.16577549072855,63.378223085425
2014-05-31,20.05031293973756,18.372644318474663,20.811631853743155
2014-06-07,34.49131900773329,34.088296674415105,34.826391497296115
2014-06-14,17.135684529629458,14.940989920770491,18.162702341856484
2014-06-21,31.016930945077736,28.93680403935161,32.07250546611816
2014-06-28,20.49360615693881,19.902144433219654,20.793057141344956
2014-07-05,15.956514484108016,17.438909011935266,15.211363257458995
2014-07-12,3.1830632290121015,3.4633748852112447,3.06475796801334
2014-07-19,3.6213194237408852,3.5847971543597708,3.6442345955821116
2014-07-26,7.436327002373743,7.625439253175893,7.3313368930032325
2014-08-02,50.696680391834434,47.07699429654844,52.292607477871584
2014-08-09,39.65025374304518,38.173981196638465,40.41551471952395
2014-08-16,16.665739059858538,15.576827172956605,17.20012677954809
2014-08-23,42.63811500096351,42.47760072744987,42.728003503400394
2014-08-30,14.768871212557645,14.526892985468324,14.860393477735938
2014-09-06,42.38732118361883,46.833594439686216,40.13606871343338
2014-09-13,55.9675762244548,56.188263026527736,55.762928339781084
2014-09-20,25.489879068057142,26.84050938265335,24.770834222725494
2014-09-27,11.178604854510933,10.600323128124366,11.323238334125705
2014-10-04,94.94198437283126,95.25975249193716,94.75743099342793
2014-10-11,41.82289581528593,41.009222537653464,42.10555059910899
2014-10-18,50.64561492301645,53.8032924817956,49.0273712774881
2014-10-25,48.57502582270153,47.61096425033422,49.12766529734837
2014-11-01,35.83132434070333,39.3976710923052,33.8504923240017
2014-11-08,79.86239971237278,77.82359051727441,81.0659471167949
2014-11-15,7.2962344308967735,6.912467553880479,7.469062682141885
2014-11-22,25.88606188324127,26.178677592070205,25.680061662676536
2014-11-29,33.772508521924486,34.17890794887635,33.56075715803206
2014-12-06,54.28696169662237,52.4476873462327,54.91821107808357
2014-12-13,34.13460426202256,35.8834252719142,33.41176902434431
2014-12-20,0.0,0.0,0.0
2014-12-27,0.0,0.0,0.0
2015-01-03,0.0,0.0,0.0
2015-01-10,3.2435551738559973,3.852144219449177,2.979896739441725
2015-01-17,21.474169997384163,22.269275921093673,21.082389049491248
2015-01-24,7.995334949973826,8.406009099564116,7.788199117158907
2015-01-31,14.677681175504668,11.98966246664812,15.879114625467954
2015-02-07,32.68240568038071,33.930717047170745,31.96840713706105
2015-02-14,9.417273307920844,11.365542427007703,8.495352271020117
2015-02-21,0.014384058002237979,0.016713858802537413,0.012956441714652675
2015-02-28,24.718794235299914,27.839776632520888,23.228418752288476
2015-03-07,5.728703460720215,4.036659428923603,6.507134345716554
2015-03-14,44.95407299979011,47.61668806421584,43.74232623224823
2015-03-21,4.78888968450107,2.7448585510253904,5.621092271115302
2015-03-28,39.260909596059435,40.54900136546812,38.65930034917133
2015-04-04,41.92739250782286,39.95976428179349,42.777703547445405
2015-04-11,42.66341758408445,41.856191134568,43.10339383199858
2015-04-18,39.002386131931154,39.2332333062582,38.875922479620904
2015-04-25,13.274934217315145,14.29595656487101,12.699212741647111
2015-05-02,24.342983930482433,22.81687687053773,24.97208810569041
2015-05-09,16.5039617012305,14.67429544384353,17.28880319108373
2015-05-16,40.792066232582215,40.57587432389098,40.75990773917214
2015-05-23,57.517117710152306,56.35182241425998,57.86596352279429
2015-05-30,38.896255298385924,38.86931131669289,39.012597287827035
2015-06-06,14.311788860209594,14.903525363189587,14.049452446108212
2015-06-13,7.577783944404617,6.70709550012137,7.989299914091353
2015-06-20,9.985475740384995,10.077034465011192,9.939598594916337
2015-06-27,8.502988583714853,7.533767278643622,8.97557395543117
2015-07-04,17.76710362976722,17.000934228113884,18.153396085813693
2015-07-11,23.553083519389542,23.071639637555478,23.814782459381423
2015-07-18,43.19547896033085,40.87048434059401,44.269461888508516
2015-07-25,10.764665046531956,10.785084741702978,10.762193920490594
2015-08-01,0.7329831039055119,0.2011172932703138,0.9629955374704353
2015-08-08,10.787921148225273,10.526301113649268,10.933958744065452
2015-08-15,16.84964443562326,18.298435825195867,16.200815363163006
2015-08-22,24.932839047998304,24.330427634197736,25.290766694887267
2015-08-29,10.846793205907407,10.874285340078787,10.793861323145252
2015-09-05,21.92419348101368,21.98565530800013,21.813410304086112
2015-09-12,15.800269603132456,17.89309313216647,14.818221525105209
2015-09-19,28.64179246101496,28.503915680433813,28.639275087121916
2015-09-26,28.120910112490794,28.42613051041313,27.928692254877934
2015-10-03,60.65946254906279,68.86178610889232,56.85192613886106
2015-10-10,50.5132524154064,49.45143734015128,50.908573858887706
2015-10-17,24.909616826622,27.323152525758974,23.779801031716854
2015-10-24,43.552121406204265,45.666334975975154,42.552076899946094
2015-10-31,51.461897565814226,52.01702490290582,51.19118502309191
2015-11-07,24.355677362302963,19.521389712458074,26.70326829053566
2015-11-14,44.37692451163735,44.20124545511992,44.558693614848536
2015-11-21,13.446559270421913,15.5504048190831,12.355660619964116
2015-11-28,10.20466394142454,9.971593462441856,10.285627577997579
2015-12-05,15.263778575818442,15.099849551656972,15.356779963841978
2015-12-12,18.508237403907227,17.719566732443475,18.881215335662368
2015-12-19,22.985536121307536,21.308507885909886,23.686699204244494
2015-12-26,30.584157352602674,29.16808648961754,31.321966530239212
2016-01-02,42.19383867362861,43.261162187051085,41.651164732742146
2016-01-09,0.0,0.0,0.0
2016-01-16,5.154849550638987,6.784560860067175,4.343256709751262
2016-01-23,0.0,0.0,0.0
2016-01-30,5.560971907888994,6.089229269995206,5.3153755706842265
2016-02-06,0.0,0.0,0.0
2016-02-13,12.03229768397065,13.853992829576207,11.126131433843758
2016-02-20,9.962994660468812,10.732222273499493,9.633227428482822
2016-02-27,0.025988492261483167,0.0,0.0375324090680977
2016-03-05,24.198129782464836,24.290765299543665,24.1805057605359
2016-03-12,11.459197013936144,11.726699698950359,11.330372510428242
2016-03-19,4.346957147942019,4.622447614163017,4.218269854285735
2016-03-26,33.29905143488334,33.74740765106275,33.045010222388896
2016-04-02,10.66646903566783,8.341426422976065,11.692059290662268
2016-04-09,36.44131629383459,37.223990786363544,36.10920935791109
2016-04-16,37.704174355362476,35.90323989633201,38.64881004782969
2016-04-23,75.62265085055026,76.88224596078845,74.9296386852773
2016-04-30,37.2463942654291,38.953246955134446,36.40211217520844
2016-05-07,57.97473367675673,55.33100633333271,59.008858383806164
2016-05-14,15.131213045612594,14.131757050666257,15.566090316617322
2016-05-21,34.55241754475762,35.99830524287938,33.77516695562122
2016-05-28,60.12891525839535,57.03650191486747,61.63682502031435
2016-06-04,11.493460999748137,11.762620245201001,11.326931874513951
2016-06-11,20.672296233186138,19.934846237892117,21.072127013415486
2016-06-18,24.845033693746274,24.48119645256927,25.061435422044077
2016-06-25,30.304162058946638,30.2771208986568,30.404863806046677
2016-07-02,32.80883194071628,31.712146726092275,33.32610046066314
2016-07-09,32.533352794351806,31.293896908690968,33.008844806229
2016-07-16,33.34138884883052,31.8920682757373,33.931246121437155
2016-07-23,18.6513396354208,18.178140804041988,18.878944008316978
2016-07-30,35.29964173283983,34.213253234665174,35.88532589530169
2016-08-06,36.01015525720594,37.32350101885588,35.42012937026923
2016-08-13,62.29721882898309,65.48108428319296,60.952107502118096
2016-08-20,30.213496401253273,28.02316606125394,31.382383022273878
2016-08-27,79.99778671102023,83.27900735283819,78.45292365653346
2016-09-03,78.7021828236359,77.11503351183906,79.53969993798161
2016-09-10,58.8377064026342,63.88254323397282,56.345330076739096
2016-09-17,23.05172679070686,23.449794878936622,22.852646972386484
2016-09-24,38.301828684138414,41.92614077300842,36.522467676676406
2016-10-01,40.82563042469109,39.87700814694022,41.178171750489696
2016-10-08,75.14379163215098,78.10532143127516,73.85131219906124
2016-10-15,43.982244667034124,45.84020053015816,42.944940439242345
2016-10-22,51.17508887871634,52.93179925421009,50.29028851857727
2016-10-29,48.03487191033155,49.20804954657808,47.522580237718294
2016-11-05,68.24186170518921,68.48679460719012,68.1671598370238
2016-11-12,52.73816489524329,56.62568508668798,50.869399728895694
2016-11-19,17.043967836938602,14.731635556244044,18.053413488075197
2016-11-26,71.22994130126227,69.33806609185997,71.96912384561107
2016-12-03,28.77097713902537,29.3099611164867,28.462069206306744
2016-12-10,24.924292881065075,25.618441089685415,24.50144392723311
2016-12-17,0.0,0.0,0.0
2016-12-24,31.311650684539313,29.139196197307058,32.361431590044496
2016-12-31,15.729387910703247,19.71814878528245,13.963917957405886
2017-01-07,52.182410846216065,52.76645926000991,51.78399059538706
2017-01-14,8.382990150189071,1.9852820631386578,11.162617755377935
2017-01-21,0.044663905500619674,0.0,0.06450331765927722
2017-01-28,22.586169956771847,22.923551065564734,22.365231057825103
2017-02-04,4.168444583651718,1.4403832159180572,5.453082425315296
2017-02-11,0.4447834494713699,0.46953007241953976,0.6379808175095163
2017-02-18,30.209399973943327,42.23100128864896,24.599154463516772
2017-02-25,15.176443453724305,12.604800908692217,16.2235717225064
2017-03-04,64.90891458342162,67.64205211187907,63.53993652495011
2017-03-11,54.563327619817585,57.35915945025458,53.03865724853192
2017-03-18,43.08627742834772,48.09021690018511,40.77828666197462
2017-03-25,74.48419125566494,79.22825901243422,72.16352575007359
2017-04-01,8.73983958770098,9.639551946621586,8.346658305673648
2017-04-08,65.11343873464719,65.92160773899244,64.6830501682447
2017-04-15,29.578598622162737,29.661184694916727,29.494208965805715
2017-04-22,39.931565095247414,36.531293383427865,41.61311396548396
2017-04-29,53.47430984129446,51.653689964381975,54.21809355500485
2017-05-06,93.70421623392905,96.13659062178237,92.32475076172076
2017-05-13,62.346255808583784,61.53877563038887,62.579246816299005
2017-05-20,37.09590722219518,32.567874211620016,39.15267868296249
2017-05-27,17.356341464498612,17.24913011138566,17.473236885643956
2017-06-03,35.01615153221374,34.23683312710933,35.31839973539775
2017-06-10,50.365209773126914,49.06279069006732,51.09892682300884
2017-06-17,54.75492274328526,54.41276817183564,54.96199232175563
2017-06-24,50.66637386114935,46.36108110906997,52.94171413360438
2017-07-01,8.340266376771078,8.61878964209902,8.218488990425579
2017-07-08,7.068763474648229,5.136900041241576,7.912265269722919
2017-07-15,25.34289919412479,24.987372560086463,25.49287353109247
2017-07-22,2.96382729341748,2.5386643209895077,3.161938222511505
2017-07-29,24.495658690811545,25.011889796441302,24.304929654737215
2017-08-05,32.95446137485277,31.303825807801772,33.70414081947113
2017-08-12,34.10492460129407,34.279206484872944,34.01946546866567
2017-08-19,22.343908607959744,20.9063892290788,23.097687023557583
2017-08-26,45.8127094854849,46.558734971659206,45.5124871604754
2017-09-02,47.818946771090566,48.20716045305925,47.526396338130574
2017-09-09,66.09193590212524,67.1881209516295,65.39921020308718
2017-09-16,30.630306243299692,31.03972645865547,30.350677942076913
2017-09-23,45.9532694842699,43.351820291528384,47.20272962948989
2017-09-30,80.57372898064804,87.86728005017636,77.079101103116
2017-10-07,29.048497827614057,29.93065072004346,28.667897662263194
2017-10-14,21.12402849882207,20.536282508269604,21.356354133823153
2017-10-21,62.50006330188583,66.55761150277179,60.72816441714146
2017-10-28,38.064130484834024,34.291077031259945,39.53286007438587
2017-11-04,37.312743334880615,39.35001437744656,36.37727872764047
2017-11-11,76.72461777127282,76.492863857343,76.87914219368005
2017-11-18,30.484558748363405,31.582323868608707,30.03294607874392
2017-11-25,33.16582971833674,31.866511721772277,33.774345565585605
2017-12-02,27.747386320511602,27.27016011804774,27.929747289518833
2017-12-09,30.74303197771199,30.883722236191016,30.597602592137303
2017-12-16,1.4254769273335404,1.009213661801988,1.5829006984553835
2017-12-23,16.35792715737459,15.993181807061898,16.543374877896078
2017-12-30,40.659069603166834,41.421778566480256,40.101170938477175
2018-01-06,32.73385715708416,32.809556015678076,32.600099719815056
2018-01-13,27.799902275447103,32.689836670695875,25.563270057104212
2018-01-20,12.281645540600275,10.642158136736368,13.121540509033032
2018-01-27,43.786271352791815,45.45094524973257,42.97264883823111
2018-02-03,0.647042355042077,0.010233521576664874,0.9296681752745729
2018-02-10,4.914404866095628,5.105110644372765,4.700613549323412
2018-02-17,17.408374423228757,19.967279972315986,16.287332518845194
2018-02-24,0.0,0.0,0.0
2018-03-03,9.900382785534529,12.725979111160058,8.325473755880875
2018-03-10,0.7735521223428701,0.4177360949308976,0.9217874942405484
2018-03-17,26.964579689114796,27.57624197743365,26.65974685664205
2018-03-24,57.48009969072139,58.1891192427004,57.31547620508717
2018-03-31,77.83930208648698,80.29394877037565,76.6932600610029
2018-04-07,60.67249569278188,59.119618425507475,61.27175519846707
2018-04-14,21.727413876446082,18.072970681259598,23.32858809318362
2018-04-21,58.98329107200398,59.39890639943201,58.7391960045034
2018-04-28,69.41461763908627,72.99751185610674,67.64957429260568
2018-05-05,80.56800836600708,79.2293490852135,81.18473447548874
2018-05-12,81.47877585634272,89.78069304959209,77.43019223331704
2018-05-19,83.89886846709462,78.0657184066404,86.53922795753807
2018-05-26,75.6025514538506,75.79291049247779,75.67596666251595
2018-06-02,29.926445301878587,30.185401873772847,29.763233172209404
2018-06-09,23.1027636384785,21.554959616223396,23.94511725931646
2018-06-16,9.321223105037017,7.609872398514678,10.183455417611942
2018-06-23,46.17523636082386,45.53361178112491,46.571602338156545
2018-06-30,34.74679737591251,33.80934328526114,35.23700077311248
2018-07-07,6.51413444398864,5.863651057660292,6.864566389031935
2018-07-14,8.002134205104412,10.573316114305875,6.821978729341132
2018-07-21,21.427642879632298,21.040828021597747,21.616884244926585
2018-07-28,36.24753702776006,32.028552695748886,38.04370798678943
2018-08-04,20.803560106156016,21.12607127007655,20.69441342800923
2018-08-11,31.51553134893875,29.33882337759659,32.63775359651674
2018-08-18,12.345343229506579,12.769905024191033,12.14526553836496
2018-08-25,30.289459210686456,29.987576685320356,30.472503061376436
2018-09-01,58.767852327552106,61.31898167697703,57.56509295751002
2018-09-08,55.57761058237437,57.008874182309505,54.75881836309834
2018-09-15,25.429674678063662,25.033699009844646,25.52720759241386
2018-09-22,46.588026734183224,45.42476347172318,47.1158837947811
2018-09-29,107.53350840193757,114.18680114561809,104.27422274500334
2018-10-06,76.85626556145233,76.19373085556398,77.06463104602281
2018-10-13,25.43212613944566,29.8646763227988,23.356458733214335
2018-10-20,50.621335834675044,53.08584914829421,49.5110258192053
2018-10-27,46.61364470256285,48.63354818417831,45.54929220283188
2018-11-03,24.746000917295046,27.072172403105217,24.06247294159211
2018-11-10,23.6024774000403,23.418051893814752,23.24276159222289
2018-11-17,70.620302010239,74.50434338666392,68.93523104999922
2018-11-24,64.63637425857729,62.428213047635744,65.70239135769769
2018-12-01,8.916641804989945,8.65635128919629,9.114418937887375
2018-12-08,17.006086049449905,16.076869319602487,17.334869894354366
2018-12-15,5.6732477515712105,5.3887781888390505,5.79455509279521
2018-12-22,2.7851028964063325,2.708024038280842,2.810240945959328
2018-12-29,0.0,0.0,0.0
