,cases_medellin,DATA,YEAR,YearWeek,LastDayWeek,MONTH,temperature_medellin,percipitation_medellin,percipitation_medellin_rural,percipitation_medellin_urbano
0,1,"['2007', 'w01']",2007,200701,2007-01-06,1,21.0092830657959,13.096688152403946,14.09769307933568,12.628932735686169
1,0,"['2007', 'w02']",2007,200702,2007-01-13,1,21.0092830657959,8.437043773367051,6.910390304712857,9.067214477347724
2,0,"['2007', 'w03']",2007,200703,2007-01-20,1,21.0092830657959,19.373164894285427,21.61696791441544,18.406664887974287
3,0,"['2007', 'w04']",2007,200704,2007-01-27,1,21.0092830657959,0.0,0.0,0.0
4,0,"['2007', 'w05']",2007,200705,2007-02-03,2,20.9829254150391,3.7252063704969287,3.1442247846852185,3.9010209884247096
5,0,"['2007', 'w06']",2007,200706,2007-02-10,2,20.9829254150391,12.088275492415113,12.500651958944713,12.02229607897111
6,0,"['2007', 'w07']",2007,200707,2007-02-17,2,20.9829254150391,1.4694188973482918,0.005340154159472184,2.11712999404204
7,0,"['2007', 'w08']",2007,200708,2007-02-24,2,20.9829254150391,6.801017277381001,8.832785040629659,5.97287110338586
8,0,"['2007', 'w09']",2007,200709,2007-03-03,3,21.425910949707,31.985303761514462,33.24117832275981,31.41112971047282
9,0,"['2007', 'w10']",2007,200710,2007-03-10,3,21.425910949707,24.67653565397848,24.933450997394072,24.562073322749487
10,0,"['2007', 'w11']",2007,200711,2007-03-17,3,21.425910949707,43.16689639127299,44.06303265451809,42.65439032700285
11,0,"['2007', 'w12']",2007,200712,2007-03-24,3,21.425910949707,36.59812361248146,38.45821859755954,35.78635180852988
12,0,"['2007', 'w13']",2007,200713,2007-03-31,3,21.425910949707,91.35664455531088,95.8898041308214,89.28159654458292
13,1,"['2007', 'w14']",2007,200714,2007-04-07,4,21.2370319366455,58.00760329582814,59.08075929839831,57.39046735446807
14,0,"['2007', 'w15']",2007,200715,2007-04-14,4,21.2370319366455,47.19668516020602,45.80359773313366,48.07685686008886
15,0,"['2007', 'w16']",2007,200716,2007-04-21,4,21.2370319366455,62.31869971229974,60.837236345447785,63.13984197564002
16,0,"['2007', 'w17']",2007,200717,2007-04-28,4,21.2370319366455,32.58490772047389,29.027088101704923,34.33546288111497
17,1,"['2007', 'w18']",2007,200718,2007-05-05,5,21.322522163391106,69.14131790690487,72.6175117209338,67.49554692325258
18,0,"['2007', 'w19']",2007,200719,2007-05-12,5,21.322522163391106,72.83190365227054,67.62354463240949,75.16562268791078
19,0,"['2007', 'w20']",2007,200720,2007-05-19,5,21.322522163391106,113.71953999354632,114.59274978775908,113.08332164331742
20,0,"['2007', 'w21']",2007,200721,2007-05-26,5,21.322522163391106,89.36056221292374,86.24515049699427,90.7201575636056
21,0,"['2007', 'w22']",2007,200722,2007-06-02,6,21.2431755065918,37.06938622352926,36.10694825614708,37.45948938627455
22,0,"['2007', 'w23']",2007,200723,2007-06-09,6,21.2431755065918,10.419747816382422,9.338749432909315,10.943348184086542
23,0,"['2007', 'w24']",2007,200724,2007-06-16,6,21.2431755065918,16.13045424517612,16.6848739022794,15.949271377750078
24,0,"['2007', 'w25']",2007,200725,2007-06-23,6,21.2431755065918,8.501094798868678,7.645711702885836,8.922556720434999
25,0,"['2007', 'w26']",2007,200726,2007-06-30,6,21.2431755065918,4.4543342453815775,3.4098694429305443,4.948416229130401
26,0,"['2007', 'w27']",2007,200727,2007-07-07,7,21.686978340148894,39.02519290919447,37.23709174826526,39.910436981897575
27,1,"['2007', 'w28']",2007,200728,2007-07-14,7,21.686978340148894,54.35175365627335,56.62480305381443,53.31808685696186
28,0,"['2007', 'w29']",2007,200729,2007-07-21,7,21.686978340148894,57.214578286577975,56.378517387684994,57.688068297886495
29,0,"['2007', 'w30']",2007,200730,2007-07-28,7,21.686978340148894,15.665261657985484,17.06924324139305,15.13097288551451
30,0,"['2007', 'w31']",2007,200731,2007-08-04,8,20.8663940429688,35.008359922746536,31.232185786242646,36.8058163065529
31,0,"['2007', 'w32']",2007,200732,2007-08-11,8,20.8663940429688,58.06515072575201,58.182869554832926,58.126206419126426
32,0,"['2007', 'w33']",2007,200733,2007-08-18,8,20.8663940429688,54.780984376115406,54.20189011569185,55.19893830801856
33,0,"['2007', 'w34']",2007,200734,2007-08-25,8,20.8663940429688,71.0007907225283,67.68332734223151,72.50942107772485
34,0,"['2007', 'w35']",2007,200735,2007-09-01,9,20.7055358886719,42.580420105269326,45.56730806470493,41.35337647215253
35,0,"['2007', 'w36']",2007,200736,2007-09-08,9,20.7055358886719,35.50864616517579,33.48589098188613,36.29174776051414
36,0,"['2007', 'w37']",2007,200737,2007-09-15,9,20.7055358886719,63.56456384297754,66.84341365565425,61.81656727573207
37,0,"['2007', 'w38']",2007,200738,2007-09-22,9,20.7055358886719,56.59678203441921,57.47152923823555,55.9533261035397
38,0,"['2007', 'w39']",2007,200739,2007-09-29,9,20.7055358886719,58.98382119034348,56.709724240602505,60.08514108886237
39,0,"['2007', 'w40']",2007,200740,2007-10-06,10,19.954406261444106,89.70146941870115,97.71329204034114,86.09158749910056
40,0,"['2007', 'w41']",2007,200741,2007-10-13,10,19.954406261444106,68.90299988598639,73.94488520461006,66.43134158841636
41,0,"['2007', 'w42']",2007,200742,2007-10-20,10,19.954406261444106,48.150601809702174,44.863803452570075,49.518280099540405
42,0,"['2007', 'w43']",2007,200743,2007-10-27,10,19.954406261444106,102.87840062506656,105.55018041951644,101.62678108870364
43,0,"['2007', 'w44']",2007,200744,2007-11-03,11,20.16526222229,38.87780623307663,38.08000052309266,39.20156794352818
44,0,"['2007', 'w45']",2007,200745,2007-11-10,11,20.16526222229,16.49852702390864,15.978010785752454,16.786700909352128
45,0,"['2007', 'w46']",2007,200746,2007-11-17,11,20.16526222229,39.52400991973352,38.75484350084683,39.78394231136923
46,0,"['2007', 'w47']",2007,200747,2007-11-24,11,20.16526222229,30.11811621481546,31.060456797235826,29.714687695397657
47,0,"['2007', 'w48']",2007,200748,2007-12-01,12,20.2003288269043,1.5214586604074185,0.1464389211313736,2.128792406367437
48,0,"['2007', 'w49']",2007,200749,2007-12-08,12,20.2003288269043,12.721332331026005,3.3974597875622736,17.987387618811702
49,0,"['2007', 'w50']",2007,200750,2007-12-15,12,20.2003288269043,23.996584960904087,16.381677949140613,27.443902419047607
50,0,"['2007', 'w51']",2007,200751,2007-12-22,12,20.2003288269043,94.86294638677893,115.44576215697948,84.8992764386342
51,1,"['2007', 'w52']",2007,200752,2007-12-29,12,20.2003288269043,3.5533868290754373,1.4210062957616243,4.458987585516791
52,26,"['2008', 'w01']",2008,200801,2008-01-05,1,20.5455689430237,73.72752954127344,72.85822238231052,73.96899791201261
53,24,"['2008', 'w02']",2008,200802,2008-01-12,1,20.5455689430237,2.456349069544013,1.4495637280929492,2.8694953310829026
54,21,"['2008', 'w03']",2008,200803,2008-01-19,1,20.5455689430237,11.824783838884402,13.958682227940953,10.950673775817279
55,18,"['2008', 'w04']",2008,200804,2008-01-26,1,20.5455689430237,5.8361261945791325,5.953390907895738,5.814858547767472
56,15,"['2008', 'w05']",2008,200805,2008-02-02,2,20.715390682220498,0.0,0.0,0.0
57,17,"['2008', 'w06']",2008,200806,2008-02-09,2,20.715390682220498,20.01973787699832,20.71299483303863,19.82161863734698
58,17,"['2008', 'w07']",2008,200807,2008-02-16,2,20.715390682220498,115.42082614639078,121.87457138006236,112.55725867426132
59,18,"['2008', 'w08']",2008,200808,2008-02-23,2,20.715390682220498,20.503825939641587,20.76028734842936,20.24800175107877
60,22,"['2008', 'w09']",2008,200809,2008-03-01,3,20.8684458732605,74.07867202845324,76.7812485685671,72.81094419541427
61,25,"['2008', 'w10']",2008,200810,2008-03-08,3,20.8684458732605,42.93119896890524,46.20799904468554,41.14528029933538
62,16,"['2008', 'w11']",2008,200811,2008-03-15,3,20.8684458732605,14.157661440972245,13.783305450568454,14.59658164305758
63,15,"['2008', 'w12']",2008,200812,2008-03-22,3,20.8684458732605,35.1151367393095,36.03843038439175,34.78499801256945
64,20,"['2008', 'w13']",2008,200813,2008-03-29,3,20.8684458732605,35.6936983502702,34.375098327507715,36.37947802623365
65,16,"['2008', 'w14']",2008,200814,2008-04-05,4,21.0343399047852,65.48616282468444,69.34898185822125,63.77346349376605
66,17,"['2008', 'w15']",2008,200815,2008-04-12,4,21.0343399047852,18.082078679482237,15.704470697117312,19.36812407885317
67,18,"['2008', 'w16']",2008,200816,2008-04-19,4,21.0343399047852,68.54635272134975,66.37036788359933,69.58482481352732
68,12,"['2008', 'w17']",2008,200817,2008-04-26,4,21.0343399047852,97.91282267445169,98.30835406906937,97.73423587344
69,16,"['2008', 'w18']",2008,200818,2008-05-03,5,20.722520828247106,53.60214090007865,54.98145530166257,52.87610892365004
70,12,"['2008', 'w19']",2008,200819,2008-05-10,5,20.722520828247106,39.81351806672853,38.499005872846226,40.63548011258346
71,19,"['2008', 'w20']",2008,200820,2008-05-17,5,20.722520828247106,127.11139015292048,134.95771078441453,122.98663831651345
72,12,"['2008', 'w21']",2008,200821,2008-05-24,5,20.722520828247106,70.48600637867992,67.49726602858392,72.46972757004205
73,20,"['2008', 'w22']",2008,200822,2008-05-31,5,20.722520828247106,70.52591218130759,68.1032261081364,71.64617382494295
74,21,"['2008', 'w23']",2008,200823,2008-06-07,6,20.963748455047604,66.5113481371215,63.81716551619451,68.05565989895531
75,23,"['2008', 'w24']",2008,200824,2008-06-14,6,20.963748455047604,31.55702367771851,29.46219145272665,32.66733979510873
76,15,"['2008', 'w25']",2008,200825,2008-06-21,6,20.963748455047604,72.49242761358154,70.09884488317701,73.8663316706538
77,13,"['2008', 'w26']",2008,200826,2008-06-28,6,20.963748455047604,68.34663651810868,65.57239499506744,69.86939027128423
78,7,"['2008', 'w27']",2008,200827,2008-07-05,7,21.0548596382141,38.01118573057785,41.86522914568583,36.18400663258639
79,15,"['2008', 'w28']",2008,200828,2008-07-12,7,21.0548596382141,73.89032424913627,74.37041517847402,73.73979291019535
80,15,"['2008', 'w29']",2008,200829,2008-07-19,7,21.0548596382141,19.337259087380534,19.054953882890047,19.447997258466888
81,17,"['2008', 'w30']",2008,200830,2008-07-26,7,21.0548596382141,57.27463177984139,57.38996559548493,57.31970056257149
82,10,"['2008', 'w31']",2008,200831,2008-08-02,8,20.8694314956665,31.599796630190372,29.59676495381599,32.571973144657946
83,15,"['2008', 'w32']",2008,200832,2008-08-09,8,20.8694314956665,54.56782910104687,53.62552886861534,55.073471203143384
84,21,"['2008', 'w33']",2008,200833,2008-08-16,8,20.8694314956665,78.72972400398815,79.57994886250889,78.39671522613247
85,12,"['2008', 'w34']",2008,200834,2008-08-23,8,20.8694314956665,85.51756048978345,81.45686167933516,87.75320825305289
86,23,"['2008', 'w35']",2008,200835,2008-08-30,8,20.8694314956665,69.23075956799957,71.82058530706139,67.97898950180316
87,16,"['2008', 'w36']",2008,200836,2008-09-06,9,20.8001532554626,14.307816801142785,14.370295436601133,14.232351092800965
88,22,"['2008', 'w37']",2008,200837,2008-09-13,9,20.8001532554626,78.82354372933747,77.05176023446421,79.66331971666686
89,14,"['2008', 'w38']",2008,200838,2008-09-20,9,20.8001532554626,56.448042408769524,59.03379682826536,54.983085851350424
90,16,"['2008', 'w39']",2008,200839,2008-09-27,9,20.8001532554626,89.93891589453581,89.7177707584584,90.06782169553203
91,18,"['2008', 'w40']",2008,200840,2008-10-04,10,20.0544066429138,52.12573963411162,53.258623750659,51.626442665327644
92,22,"['2008', 'w41']",2008,200841,2008-10-11,10,20.0544066429138,75.78452673334354,77.80402468252872,74.74580731717269
93,19,"['2008', 'w42']",2008,200842,2008-10-18,10,20.0544066429138,53.96154068080296,51.489189639068464,55.17193773177432
94,15,"['2008', 'w43']",2008,200843,2008-10-25,10,20.0544066429138,52.311383798811704,54.767463245484,51.102760589882315
95,25,"['2008', 'w44']",2008,200844,2008-11-01,11,20.0206441879272,62.142325554085026,65.95879545257864,60.051639525856956
96,23,"['2008', 'w45']",2008,200845,2008-11-08,11,20.0206441879272,45.684662098580226,48.82896383165738,44.23280242682042
97,10,"['2008', 'w46']",2008,200846,2008-11-15,11,20.0206441879272,71.78997981980984,74.64722292987621,70.17312241936506
98,19,"['2008', 'w47']",2008,200847,2008-11-22,11,20.0206441879272,86.13355977872436,86.68390284644234,86.1200189012992
99,15,"['2008', 'w48']",2008,200848,2008-11-29,11,20.0206441879272,2.7248944818451357,0.13500652773944652,3.8721333067179056
100,17,"['2008', 'w49']",2008,200849,2008-12-06,12,19.9250683784485,59.90237092061694,60.87218467532725,59.25286671558335
101,13,"['2008', 'w50']",2008,200850,2008-12-13,12,19.9250683784485,7.2861054577725985,5.841833879867037,8.22461068807982
102,19,"['2008', 'w51']",2008,200851,2008-12-20,12,19.9250683784485,0.0,0.0,0.0
103,16,"['2008', 'w52']",2008,200852,2008-12-27,12,19.9250683784485,0.08685588538273703,0.0,0.12543669664854384
104,4,"['2009', 'w01']",2009,200901,2009-01-03,1,20.5160541534424,27.864515211167422,31.91680024280641,25.912793014688408
105,4,"['2009', 'w02']",2009,200902,2009-01-10,1,20.5160541534424,15.865106921694306,20.73351996877919,13.616226297237194
106,3,"['2009', 'w03']",2009,200903,2009-01-17,1,20.5160541534424,52.91974502287161,48.42468730263089,54.99628142496067
107,2,"['2009', 'w04']",2009,200904,2009-01-24,1,20.5160541534424,18.591394750883946,17.317799046650027,19.07321349237497
108,3,"['2009', 'w05']",2009,200905,2009-01-31,1,20.5160541534424,11.55201464324481,16.23032961306365,9.443029041372162
109,1,"['2009', 'w06']",2009,200906,2009-02-07,2,20.5299735069275,44.56620636556264,46.969223139942564,43.500679895019175
110,1,"['2009', 'w07']",2009,200907,2009-02-14,2,20.5299735069275,26.16536154884271,31.11963510052594,23.889745188039512
111,3,"['2009', 'w08']",2009,200908,2009-02-21,2,20.5299735069275,20.476978158771765,20.85010441535913,20.352789594423594
112,1,"['2009', 'w09']",2009,200909,2009-02-28,2,20.5299735069275,42.34962216411275,42.71232911906957,42.18297582528089
113,1,"['2009', 'w10']",2009,200910,2009-03-07,3,20.278254032135,19.066670825842472,19.41615639423979,18.88238762505605
114,2,"['2009', 'w11']",2009,200911,2009-03-14,3,20.278254032135,41.56376482876431,45.74629733504881,39.74245499681145
115,4,"['2009', 'w12']",2009,200912,2009-03-21,3,20.278254032135,62.67812826352961,61.84840940346464,62.99035251921678
116,0,"['2009', 'w13']",2009,200913,2009-03-28,3,20.278254032135,80.54186065638616,78.09136001292056,81.9912920405409
117,2,"['2009', 'w14']",2009,200914,2009-04-04,4,21.0676741600037,29.43022901722427,31.100902627401307,28.82214780118851
118,3,"['2009', 'w15']",2009,200915,2009-04-11,4,21.0676741600037,48.97890432673192,48.44847684804944,49.21596561715013
119,2,"['2009', 'w16']",2009,200916,2009-04-18,4,21.0676741600037,29.977908902383124,30.80756495701518,29.578501318032213
120,0,"['2009', 'w17']",2009,200917,2009-04-25,4,21.0676741600037,49.055779747954,48.717638669267366,49.14009117336767
121,1,"['2009', 'w18']",2009,200918,2009-05-02,5,21.1570706367493,94.04840292426313,96.81357235609043,92.78806595903579
122,0,"['2009', 'w19']",2009,200919,2009-05-09,5,21.1570706367493,46.12086458834301,42.40623574786716,47.68741904261746
123,5,"['2009', 'w20']",2009,200920,2009-05-16,5,21.1570706367493,26.39049417470513,26.132359999619823,26.44795033633305
124,5,"['2009', 'w21']",2009,200921,2009-05-23,5,21.1570706367493,27.66196572802989,26.282867095781413,28.33463836384208
125,5,"['2009', 'w22']",2009,200922,2009-05-30,5,21.1570706367493,30.73092391583439,29.105887885715646,31.50895522333517
126,7,"['2009', 'w23']",2009,200923,2009-06-06,6,21.1798071861267,58.11538937042592,56.44104684493393,59.150686090153066
127,6,"['2009', 'w24']",2009,200924,2009-06-13,6,21.1798071861267,52.35233401144402,49.036320644185174,54.07439570334289
128,3,"['2009', 'w25']",2009,200925,2009-06-20,6,21.1798071861267,45.68615318478572,45.035202247969764,46.18469301101799
129,6,"['2009', 'w26']",2009,200926,2009-06-27,6,21.1798071861267,41.2476759437327,41.422871240210426,41.258569949469425
130,7,"['2009', 'w27']",2009,200927,2009-07-04,7,21.6736097335815,42.19865229543071,41.99215926824561,42.30042566425705
131,8,"['2009', 'w28']",2009,200928,2009-07-11,7,21.6736097335815,4.8228355107901235,5.65536561127446,4.425755580356097
132,5,"['2009', 'w29']",2009,200929,2009-07-18,7,21.6736097335815,25.237511401033224,26.28307172411306,24.70214719563332
133,6,"['2009', 'w30']",2009,200930,2009-07-25,7,21.6736097335815,2.901729140174255,2.7252853782856525,2.987379376294653
134,6,"['2009', 'w31']",2009,200931,2009-08-01,8,21.9327993392944,31.291949238064,29.163193054706003,32.3997264147559
135,5,"['2009', 'w32']",2009,200932,2009-08-08,8,21.9327993392944,20.059008615112425,18.20936619371608,20.863210647288245
136,14,"['2009', 'w33']",2009,200933,2009-08-15,8,21.9327993392944,37.29401492721895,33.74613739718562,38.877545335634345
137,10,"['2009', 'w34']",2009,200934,2009-08-22,8,21.9327993392944,29.277635658115553,32.18507082082223,28.10227439223616
138,10,"['2009', 'w35']",2009,200935,2009-08-29,8,21.9327993392944,23.97864717763565,21.538349634898463,25.026059511017056
139,7,"['2009', 'w36']",2009,200936,2009-09-05,9,21.848070144653306,11.266215667632109,11.839299721879087,10.977964584395409
140,6,"['2009', 'w37']",2009,200937,2009-09-12,9,21.848070144653306,58.488922477066886,58.58780112980645,58.264327582976854
141,10,"['2009', 'w38']",2009,200938,2009-09-19,9,21.848070144653306,17.523574385535582,16.146058497451932,18.102051704435183
142,25,"['2009', 'w39']",2009,200939,2009-09-26,9,21.848070144653306,13.779572053606133,13.645142121245895,13.834267658504276
143,20,"['2009', 'w40']",2009,200940,2009-10-03,10,21.0984172821045,40.850301681830075,41.61897906796368,40.433023131060686
144,18,"['2009', 'w41']",2009,200941,2009-10-10,10,21.0984172821045,64.30607286591703,66.99906875131211,62.967246652888434
145,15,"['2009', 'w42']",2009,200942,2009-10-17,10,21.0984172821045,51.07282754879572,52.96658256871689,50.10970617579596
146,13,"['2009', 'w43']",2009,200943,2009-10-24,10,21.0984172821045,68.20977647306027,70.7728437349992,67.07428181112165
147,11,"['2009', 'w44']",2009,200944,2009-10-31,10,21.0984172821045,68.49901436983569,68.29129168238617,68.62952844341362
148,13,"['2009', 'w45']",2009,200945,2009-11-07,11,21.300679206848105,54.6755361859879,56.467313965507174,53.78762300101762
149,15,"['2009', 'w46']",2009,200946,2009-11-14,11,21.300679206848105,39.112801453049705,42.06271579115863,37.78224703266887
150,12,"['2009', 'w47']",2009,200947,2009-11-21,11,21.300679206848105,8.510452835483756,7.5922329507588175,8.914727532642761
151,26,"['2009', 'w48']",2009,200948,2009-11-28,11,21.300679206848105,18.94384354561829,19.632636446883712,18.65315236972028
152,16,"['2009', 'w49']",2009,200949,2009-12-05,12,21.6294956207275,0.0,0.0,0.0
153,24,"['2009', 'w50']",2009,200950,2009-12-12,12,21.6294956207275,44.97379086521897,39.958357792084925,47.130153791537076
154,21,"['2009', 'w51']",2009,200951,2009-12-19,12,21.6294956207275,31.40040414369151,35.52872205794146,29.66255392814943
155,16,"['2009', 'w52']",2009,200952,2009-12-26,12,21.6294956207275,0.0,0.0,0.0
156,30,"['2010', 'w01']",2010,201001,2010-01-02,1,21.957200050354,0.0,0.0,0.0
157,36,"['2010', 'w02']",2010,201002,2010-01-09,1,21.957200050354,0.0,0.0,0.0
158,37,"['2010', 'w03']",2010,201003,2010-01-16,1,21.957200050354,0.0,0.0,0.0
159,46,"['2010', 'w04']",2010,201004,2010-01-23,1,21.957200050354,34.33897968817115,35.2191533441129,33.933658018297486
160,83,"['2010', 'w05']",2010,201005,2010-01-30,1,21.957200050354,0.0,0.0,0.0
161,83,"['2010', 'w06']",2010,201006,2010-02-06,2,22.0087933540344,0.0,0.0,0.0
162,96,"['2010', 'w07']",2010,201007,2010-02-13,2,22.0087933540344,12.339679831631935,13.133823267618814,11.992603825273099
163,95,"['2010', 'w08']",2010,201008,2010-02-20,2,22.0087933540344,33.5296000416795,35.06402397409154,32.838296367418586
164,115,"['2010', 'w09']",2010,201009,2010-02-27,2,22.0087933540344,18.35178653409096,19.617997569853557,17.727385930760764
165,110,"['2010', 'w10']",2010,201010,2010-03-06,3,23.0559453964233,20.06195773484561,22.02853646209275,19.218280805595526
166,136,"['2010', 'w11']",2010,201011,2010-03-13,3,23.0559453964233,21.740240518381363,20.85492865198476,22.11930448293578
167,133,"['2010', 'w12']",2010,201012,2010-03-20,3,23.0559453964233,0.7138460723867406,0.2397630316047853,0.9175622976047122
168,168,"['2010', 'w13']",2010,201013,2010-03-27,3,23.0559453964233,47.64735721765979,46.6571702607012,48.06063807910242
169,234,"['2010', 'w14']",2010,201014,2010-04-03,4,22.06498336791989,77.66806611474674,78.73471207134966,77.25257603313068
170,314,"['2010', 'w15']",2010,201015,2010-04-10,4,22.06498336791989,50.73311636594122,51.85821753239286,50.23294637949822
171,445,"['2010', 'w16']",2010,201016,2010-04-17,4,22.06498336791989,24.21288725864305,20.309985029294296,26.05170644466229
172,511,"['2010', 'w17']",2010,201017,2010-04-24,4,22.06498336791989,64.8227943850399,69.58907442415396,62.59070055311319
173,562,"['2010', 'w18']",2010,201018,2010-05-01,5,21.827556610107397,57.27511170047694,56.379277562404035,57.65272033586257
174,645,"['2010', 'w19']",2010,201019,2010-05-08,5,21.827556610107397,52.778983906974474,51.435334543329496,53.24799108645306
175,731,"['2010', 'w20']",2010,201020,2010-05-15,5,21.827556610107397,55.14310625960144,55.04070405867941,55.05054131903049
176,699,"['2010', 'w21']",2010,201021,2010-05-22,5,21.827556610107397,72.46720220791981,74.55095497490707,71.47722623383791
177,734,"['2010', 'w22']",2010,201022,2010-05-29,5,21.827556610107397,65.00375756871267,67.08359578496592,63.946419074855356
178,820,"['2010', 'w23']",2010,201023,2010-06-05,6,21.4643564224243,36.05440854190736,36.546158544568044,36.018078782253546
179,782,"['2010', 'w24']",2010,201024,2010-06-12,6,21.4643564224243,53.86718214684644,54.88558878092374,53.53470759245266
180,655,"['2010', 'w25']",2010,201025,2010-06-19,6,21.4643564224243,70.16669392570836,68.94874031048465,70.96037759686078
181,651,"['2010', 'w26']",2010,201026,2010-06-26,6,21.4643564224243,39.9124037182525,37.33577690308796,41.25801894010811
182,572,"['2010', 'w27']",2010,201027,2010-07-03,7,21.303644657135,56.60202645449822,56.96984811312911,56.521708377712315
183,537,"['2010', 'w28']",2010,201028,2010-07-10,7,21.303644657135,70.89878392323982,70.93310051701495,70.81456218711726
184,522,"['2010', 'w29']",2010,201029,2010-07-17,7,21.303644657135,71.79932811576522,73.22573147142569,71.31941952944557
185,447,"['2010', 'w30']",2010,201030,2010-07-24,7,21.303644657135,33.278138473424804,30.724553657384316,34.56000377385259
186,536,"['2010', 'w31']",2010,201031,2010-07-31,7,21.303644657135,58.620953048125976,60.00776101909399,58.16785292446588
187,493,"['2010', 'w32']",2010,201032,2010-08-07,8,21.468216419220003,23.432048708424247,20.45779736871305,24.840523028933944
188,493,"['2010', 'w33']",2010,201033,2010-08-14,8,21.468216419220003,42.53136069753739,40.673675344992375,43.466605004389464
189,448,"['2010', 'w34']",2010,201034,2010-08-21,8,21.468216419220003,51.17129013065403,50.95020252218569,51.29735270130435
190,409,"['2010', 'w35']",2010,201035,2010-08-28,8,21.468216419220003,89.09289951131996,87.34072852249884,89.87249513400717
191,347,"['2010', 'w36']",2010,201036,2010-09-04,9,20.712653160095197,73.47751332045495,72.89405780138023,73.59954545684276
192,263,"['2010', 'w37']",2010,201037,2010-09-11,9,20.712653160095197,71.52908677138733,74.0163584805917,70.18295302716413
193,290,"['2010', 'w38']",2010,201038,2010-09-18,9,20.712653160095197,100.32463285770822,103.96076122965792,98.3714974026738
194,209,"['2010', 'w39']",2010,201039,2010-09-25,9,20.712653160095197,66.24611931121693,65.24531078983621,66.70083945593683
195,164,"['2010', 'w40']",2010,201040,2010-10-02,10,20.5556216239929,93.6443840674077,99.70395562452973,90.56604717955351
196,166,"['2010', 'w41']",2010,201041,2010-10-09,10,20.5556216239929,13.059640136021695,13.291953775617811,12.971613904872846
197,127,"['2010', 'w42']",2010,201042,2010-10-16,10,20.5556216239929,40.39075043346168,35.16197459501921,42.89991307150871
198,121,"['2010', 'w43']",2010,201043,2010-10-23,10,20.5556216239929,67.19670346606807,72.06607540609754,64.85059445872871
199,80,"['2010', 'w44']",2010,201044,2010-10-30,10,20.5556216239929,90.96912762533888,98.29023192861807,87.57222435175969
200,89,"['2010', 'w45']",2010,201045,2010-11-06,11,19.8367033004761,76.41275329449599,80.55735334497719,74.47678508814569
201,67,"['2010', 'w46']",2010,201046,2010-11-13,11,19.8367033004761,90.95422194135355,96.59545182490696,88.4850651406617
202,42,"['2010', 'w47']",2010,201047,2010-11-20,11,19.8367033004761,40.93106643443413,40.98769806479486,40.98670891383844
203,44,"['2010', 'w48']",2010,201048,2010-11-27,11,19.8367033004761,89.97355124783306,99.70011373464612,85.70346065866856
204,46,"['2010', 'w49']",2010,201049,2010-12-04,12,20.3009362220764,32.37411870884806,25.00888313072315,35.65779373110337
205,47,"['2010', 'w50']",2010,201050,2010-12-11,12,20.3009362220764,68.41859587739793,71.65070696568144,67.05583246509468
206,33,"['2010', 'w51']",2010,201051,2010-12-18,12,20.3009362220764,23.418240397385283,24.411896808826985,22.90701506873681
207,27,"['2010', 'w52']",2010,201052,2010-12-25,12,20.3009362220764,17.430974994344318,19.048171098681465,16.702263816147436
208,38,"['2011', 'w01']",2011,201101,2011-01-01,1,20.8931384086609,33.115688557320446,40.93984941768185,29.673230749527587
209,29,"['2011', 'w02']",2011,201102,2011-01-08,1,20.8931384086609,25.703549291374394,22.95105258370367,26.85957206022777
210,29,"['2011', 'w03']",2011,201103,2011-01-15,1,20.8931384086609,6.622354847319581,11.394550205083284,4.385247747875477
211,26,"['2011', 'w04']",2011,201104,2011-01-22,1,20.8931384086609,6.046471311094169,1.0617887948446227,8.216306202884612
212,19,"['2011', 'w05']",2011,201105,2011-01-29,1,20.8931384086609,0.0,0.0,0.0
213,14,"['2011', 'w06']",2011,201106,2011-02-05,2,20.9245920181274,51.76195969099695,59.39745063989059,48.302048578878576
214,13,"['2011', 'w07']",2011,201107,2011-02-12,2,20.9245920181274,67.45956677556485,75.19037344674555,63.676205126343966
215,14,"['2011', 'w08']",2011,201108,2011-02-19,2,20.9245920181274,4.4852271912542525,4.160965092285822,4.600078144926752
216,19,"['2011', 'w09']",2011,201109,2011-02-26,2,20.9245920181274,36.634300991948756,36.72549140418785,36.68765432458628
217,14,"['2011', 'w10']",2011,201110,2011-03-05,3,20.644660949707,48.14569643173407,50.47506682031973,47.01407928914977
218,9,"['2011', 'w11']",2011,201111,2011-03-12,3,20.644660949707,5.221074613522228,6.12157903109196,4.807567368467309
219,14,"['2011', 'w12']",2011,201112,2011-03-19,3,20.644660949707,98.19884099396359,100.33471798873757,97.18703833048667
220,7,"['2011', 'w13']",2011,201113,2011-03-26,3,20.644660949707,21.361424173856708,18.842537722956152,22.535461457886424
221,15,"['2011', 'w14']",2011,201114,2011-04-02,4,20.8045663833618,70.30216634542086,75.64641315718204,67.78521688136374
222,18,"['2011', 'w15']",2011,201115,2011-04-09,4,20.8045663833618,119.56049930676352,120.04866457860828,119.53548472594528
223,16,"['2011', 'w16']",2011,201116,2011-04-16,4,20.8045663833618,71.54996945771467,69.39548222408202,72.90769067049781
224,16,"['2011', 'w17']",2011,201117,2011-04-23,4,20.8045663833618,111.55816800483923,116.92158063759553,108.73375871242895
225,9,"['2011', 'w18']",2011,201118,2011-04-30,4,20.8045663833618,36.35670250889207,36.07310969587686,36.44061403903711
226,12,"['2011', 'w19']",2011,201119,2011-05-07,5,21.256463050842303,70.59282579022147,69.17725006255553,71.05443446764406
227,15,"['2011', 'w20']",2011,201120,2011-05-14,5,21.256463050842303,27.71943214748321,28.372780620879027,27.365573463642487
228,22,"['2011', 'w21']",2011,201121,2011-05-21,5,21.256463050842303,85.18200616499361,92.34759890238443,81.73599052515388
229,14,"['2011', 'w22']",2011,201122,2011-05-28,5,21.256463050842303,62.48597139470717,55.65090446610383,65.73149615803618
230,22,"['2011', 'w23']",2011,201123,2011-06-04,6,21.428332328796397,33.60792269605271,36.394862794415396,32.26067289215809
231,18,"['2011', 'w24']",2011,201124,2011-06-11,6,21.428332328796397,24.89602863490209,24.76817772676404,25.032809345796537
232,18,"['2011', 'w25']",2011,201125,2011-06-18,6,21.428332328796397,62.616737873816824,63.95184789464094,62.27822867023747
233,21,"['2011', 'w26']",2011,201126,2011-06-25,6,21.428332328796397,57.895941891121176,54.93477734229416,59.35948278674486
234,26,"['2011', 'w27']",2011,201127,2011-07-02,7,21.58281135559081,11.822043588634427,12.733457397262836,11.41113199731962
235,19,"['2011', 'w28']",2011,201128,2011-07-09,7,21.58281135559081,64.70844182991266,64.8751108246725,64.66802693549941
236,11,"['2011', 'w29']",2011,201129,2011-07-16,7,21.58281135559081,28.89242576157793,29.322525590686983,28.728388466961075
237,9,"['2011', 'w30']",2011,201130,2011-07-23,7,21.58281135559081,46.090680124986456,46.43050474579207,45.928404239255066
238,16,"['2011', 'w31']",2011,201131,2011-07-30,7,21.58281135559081,38.78715942581843,36.975763506589885,39.73633541319632
239,12,"['2011', 'w32']",2011,201132,2011-08-06,8,21.7988586425781,14.880213257442875,15.582085097124036,14.684771953531909
240,12,"['2011', 'w33']",2011,201133,2011-08-13,8,21.7988586425781,56.08573565405511,54.691479166694315,56.848192038710614
241,15,"['2011', 'w34']",2011,201134,2011-08-20,8,21.7988586425781,36.04886839446497,35.020486897546895,36.50989876954846
242,20,"['2011', 'w35']",2011,201135,2011-08-27,8,21.7988586425781,26.350320255204352,25.813363363662205,26.63129160170419
243,9,"['2011', 'w36']",2011,201136,2011-09-03,9,21.2447719573975,41.11790090478557,40.26939503950773,41.35069141805954
244,10,"['2011', 'w37']",2011,201137,2011-09-10,9,21.2447719573975,62.44470202191751,59.346308842488526,63.73976087839529
245,14,"['2011', 'w38']",2011,201138,2011-09-17,9,21.2447719573975,58.232660143187395,64.57138983224326,55.171976903957656
246,14,"['2011', 'w39']",2011,201139,2011-09-24,9,21.2447719573975,35.485114544219755,36.670273682460696,34.82234849156269
247,7,"['2011', 'w40']",2011,201140,2011-10-01,10,20.200500011444106,61.14189894059126,64.89516721624108,59.411058943249024
248,14,"['2011', 'w41']",2011,201141,2011-10-08,10,20.200500011444106,67.79271509859232,73.2096038233255,65.26678017044412
249,12,"['2011', 'w42']",2011,201142,2011-10-15,10,20.200500011444106,83.30398733736726,84.21296326918305,82.84066787683959
250,9,"['2011', 'w43']",2011,201143,2011-10-22,10,20.200500011444106,40.12318995740446,39.66054119257535,40.382243588560044
251,12,"['2011', 'w44']",2011,201144,2011-10-29,10,20.200500011444106,53.38298737383604,53.61800746065408,53.20197083149568
252,6,"['2011', 'w45']",2011,201145,2011-11-05,11,20.454237461090106,49.73102431840385,51.01075847897553,49.3750696920239
253,7,"['2011', 'w46']",2011,201146,2011-11-12,11,20.454237461090106,84.57397839781339,98.49914199073534,77.94442289337766
254,11,"['2011', 'w47']",2011,201147,2011-11-19,11,20.454237461090106,62.752982340109654,60.27162746761157,63.93017331281507
255,9,"['2011', 'w48']",2011,201148,2011-11-26,11,20.454237461090106,52.3628251137811,53.61989935262192,51.756848259420345
256,14,"['2011', 'w49']",2011,201149,2011-12-03,12,20.7363538742065,56.48781671810508,78.54354142820202,46.87942066528761
257,14,"['2011', 'w50']",2011,201150,2011-12-10,12,20.7363538742065,56.09351053225978,35.587378580213155,65.62293077538685
258,17,"['2011', 'w51']",2011,201151,2011-12-17,12,20.7363538742065,48.815936887965485,46.131911221103394,49.62481657649617
259,22,"['2011', 'w52']",2011,201152,2011-12-24,12,20.7363538742065,30.300541045370327,30.674983573766152,30.077190415330247
260,16,"['2012', 'w01']",2012,201201,2012-01-07,1,21.2887105941772,1.4519607928279643,0.036936365579061464,2.077507409476286
261,14,"['2012', 'w02']",2012,201202,2012-01-07,1,21.2887105941772,1.4519607928279643,0.036936365579061464,2.077507409476286
262,18,"['2012', 'w03']",2012,201203,2012-01-14,1,21.2887105941772,50.31052220445849,57.779595180179776,46.85720204676755
263,12,"['2012', 'w04']",2012,201204,2012-01-21,1,21.2887105941772,12.567943133311214,13.110302781828358,12.31972867247749
264,13,"['2012', 'w05']",2012,201205,2012-01-28,1,21.2887105941772,2.5859239322969105,0.01304390027327238,3.728473769018568
265,8,"['2012', 'w06']",2012,201206,2012-02-04,2,20.8284120559692,29.552717479433078,30.54366128916902,29.080215380302768
266,4,"['2012', 'w07']",2012,201207,2012-02-11,2,20.8284120559692,1.4343193668000245,0.5911979550900667,1.7918561596273568
267,12,"['2012', 'w08']",2012,201208,2012-02-18,2,20.8284120559692,0.0,0.0,0.0
268,15,"['2012', 'w09']",2012,201209,2012-02-25,2,20.8284120559692,34.058021575846574,36.44368355470003,33.03027351032918
269,14,"['2012', 'w10']",2012,201210,2012-03-03,3,21.272264480590803,25.982942317842088,24.354460289397675,26.686241331113397
270,16,"['2012', 'w11']",2012,201211,2012-03-10,3,21.272264480590803,31.868037255445923,32.838890719528926,31.423617363730227
271,13,"['2012', 'w12']",2012,201212,2012-03-17,3,21.272264480590803,43.84089454102129,42.555335477930335,44.48207427945765
272,8,"['2012', 'w13']",2012,201213,2012-03-24,3,21.272264480590803,44.22894139380866,48.65392892878988,42.21393628891808
273,18,"['2012', 'w14']",2012,201214,2012-03-31,3,21.272264480590803,60.73614171039178,70.42428084686759,56.313747564700186
274,10,"['2012', 'w15']",2012,201215,2012-04-07,4,20.9953641891479,98.57283828732963,94.49941240716095,100.36039102664644
275,9,"['2012', 'w16']",2012,201216,2012-04-14,4,20.9953641891479,78.90583557121745,80.65183031846937,78.19511626502587
276,10,"['2012', 'w17']",2012,201217,2012-04-21,4,20.9953641891479,83.18334303689987,90.55073800340368,79.99230749468109
277,10,"['2012', 'w18']",2012,201218,2012-04-28,4,20.9953641891479,82.64831974912197,84.85146827283114,81.70038865240677
278,15,"['2012', 'w19']",2012,201219,2012-05-05,5,21.537712097168,54.86497385398914,56.86483222873891,53.72285906200866
279,13,"['2012', 'w20']",2012,201220,2012-05-12,5,21.537712097168,38.84072147934547,37.840473790330016,39.380094585944455
280,9,"['2012', 'w21']",2012,201221,2012-05-19,5,21.537712097168,49.61859080863087,47.205825746923246,50.46900921475548
281,9,"['2012', 'w22']",2012,201222,2012-05-26,5,21.537712097168,14.865197336494706,15.58501569982888,14.5409296108919
282,19,"['2012', 'w23']",2012,201223,2012-06-02,6,21.759841918945302,10.318280008263672,9.94655901590983,10.483911221457241
283,8,"['2012', 'w24']",2012,201224,2012-06-09,6,21.759841918945302,43.45537548280032,41.0523526477353,44.70536557980593
284,15,"['2012', 'w25']",2012,201225,2012-06-16,6,21.759841918945302,35.043729268490004,34.810942931106126,35.38666067035071
285,13,"['2012', 'w26']",2012,201226,2012-06-23,6,21.759841918945302,16.637051785879947,16.518082634262413,16.671492676523766
286,13,"['2012', 'w27']",2012,201227,2012-06-30,6,21.759841918945302,33.096657967836,32.453268496656186,33.4087350196123
287,13,"['2012', 'w28']",2012,201228,2012-07-07,7,22.0857629776001,44.240927196861946,45.86287952678791,43.63074095966694
288,13,"['2012', 'w29']",2012,201229,2012-07-14,7,22.0857629776001,7.3205613048563025,6.059863099441436,7.875895786517031
289,15,"['2012', 'w30']",2012,201230,2012-07-21,7,22.0857629776001,11.811586095931682,11.328044023260402,12.052804395563182
290,12,"['2012', 'w31']",2012,201231,2012-07-28,7,22.0857629776001,26.054491509745212,27.790435625850293,25.22838132622767
291,13,"['2012', 'w32']",2012,201232,2012-08-04,8,21.765525817871104,28.23676996363865,23.586873470066827,30.504409250176657
292,13,"['2012', 'w33']",2012,201233,2012-08-11,8,21.765525817871104,55.39663953678182,51.0541541463511,57.659939904801185
293,17,"['2012', 'w34']",2012,201234,2012-08-18,8,21.765525817871104,64.6321963071077,61.89338572589672,65.94933611862918
294,10,"['2012', 'w35']",2012,201235,2012-08-25,8,21.765525817871104,24.38595774609395,25.542223566396228,23.835801939591533
295,24,"['2012', 'w36']",2012,201236,2012-09-01,9,21.631402969360398,6.4864561026997505,6.55687003377555,6.434695086380071
296,18,"['2012', 'w37']",2012,201237,2012-09-08,9,21.631402969360398,21.263688982801234,22.24796975165749,20.799896077930907
297,18,"['2012', 'w38']",2012,201238,2012-09-15,9,21.631402969360398,30.79409423996421,30.799082664360746,30.75580942474552
298,15,"['2012', 'w39']",2012,201239,2012-09-22,9,21.631402969360398,27.29136656599588,27.362178516618293,27.242941874968643
299,16,"['2012', 'w40']",2012,201240,2012-09-29,9,21.631402969360398,43.95249569673413,44.212904332801344,43.7268422147132
300,21,"['2012', 'w41']",2012,201241,2012-10-06,10,20.921941757202106,25.82893088702416,27.244737180534766,25.252594138937088
301,22,"['2012', 'w42']",2012,201242,2012-10-13,10,20.921941757202106,91.10005739961608,95.13264353977888,89.11506632254559
302,15,"['2012', 'w43']",2012,201243,2012-10-20,10,20.921941757202106,72.15922551921969,77.072156185574,69.77955404472094
303,14,"['2012', 'w44']",2012,201244,2012-10-27,10,20.921941757202106,30.322279578678604,29.834081856640072,30.605193326444148
304,14,"['2012', 'w45']",2012,201245,2012-11-03,11,20.719168186187698,19.606159849220578,19.924217796556047,19.33439150709832
305,12,"['2012', 'w46']",2012,201246,2012-11-10,11,20.719168186187698,68.64347555252428,72.97744643676684,66.33505152492462
306,16,"['2012', 'w47']",2012,201247,2012-11-17,11,20.719168186187698,62.29276906891967,59.28462155061067,64.00722356021431
307,25,"['2012', 'w48']",2012,201248,2012-11-24,11,20.719168186187698,32.22457496066565,30.88018116927953,32.745243331721284
308,10,"['2012', 'w49']",2012,201249,2012-12-01,12,21.154495239257802,40.94897777576919,39.99045955270961,41.46970975549848
309,17,"['2012', 'w50']",2012,201250,2012-12-08,12,21.154495239257802,15.449643882627928,16.06592446202817,15.117094856444066
310,11,"['2012', 'w51']",2012,201251,2012-12-15,12,21.154495239257802,0.0,0.0,0.0
311,5,"['2012', 'w52']",2012,201252,2012-12-22,12,21.154495239257802,11.450502216219153,11.274345839081182,11.50143209906439
312,29,"['2013', 'w01']",2013,201301,2013-01-05,1,21.5749959945679,0.0,0.0,0.0
313,46,"['2013', 'w02']",2013,201302,2013-01-12,1,21.5749959945679,19.532405318918453,20.922434234158427,18.85695922994205
314,31,"['2013', 'w03']",2013,201303,2013-01-19,1,21.5749959945679,11.588065744192344,12.18515464395717,11.285159722960376
315,37,"['2013', 'w04']",2013,201304,2013-01-26,1,21.5749959945679,0.0,0.0,0.0
316,41,"['2013', 'w05']",2013,201305,2013-02-02,2,21.4290189743042,68.95670288838494,79.06822877782555,64.06134677655118
317,41,"['2013', 'w06']",2013,201306,2013-02-09,2,21.4290189743042,7.430183335747079,3.675067188428796,9.233757019904852
318,32,"['2013', 'w07']",2013,201307,2013-02-16,2,21.4290189743042,22.72337274139605,22.480424966213207,22.954709403395285
319,39,"['2013', 'w08']",2013,201308,2013-02-23,2,21.4290189743042,27.3743664455951,32.64123496848028,24.75952016914047
320,50,"['2013', 'w09']",2013,201309,2013-03-02,3,22.172872543335,8.277004050634083,7.345320603582595,8.681788810334808
321,43,"['2013', 'w10']",2013,201310,2013-03-09,3,22.172872543335,17.540288955122413,18.71542974647117,16.98397230978094
322,46,"['2013', 'w11']",2013,201311,2013-03-16,3,22.172872543335,50.51605782908702,51.44883084366286,50.099213673203344
323,52,"['2013', 'w12']",2013,201312,2013-03-23,3,22.172872543335,31.03988167624897,30.450394148872675,31.34253131470635
324,38,"['2013', 'w13']",2013,201313,2013-03-30,3,22.172872543335,18.7896922588796,18.88028505274639,18.74798957659441
325,58,"['2013', 'w14']",2013,201314,2013-04-06,4,22.022708892822298,19.379574942238197,18.942021613881213,19.63645711900743
326,59,"['2013', 'w15']",2013,201315,2013-04-13,4,22.022708892822298,48.04472111488164,45.60755775781071,49.214769798654594
327,53,"['2013', 'w16']",2013,201316,2013-04-20,4,22.022708892822298,46.60642133002287,44.125060423330424,47.75902551048976
328,48,"['2013', 'w17']",2013,201317,2013-04-27,4,22.022708892822298,74.04674765986108,72.57677090041302,74.53628362965057
329,45,"['2013', 'w18']",2013,201318,2013-05-04,5,21.401948928833,48.02843473044147,47.41166791270896,48.20202005001092
330,41,"['2013', 'w19']",2013,201319,2013-05-11,5,21.401948928833,50.781059068344405,53.0826297386833,49.676552271552076
331,62,"['2013', 'w20']",2013,201320,2013-05-18,5,21.401948928833,96.03341094155485,92.56836958991157,97.48603860921469
332,46,"['2013', 'w21']",2013,201321,2013-05-25,5,21.401948928833,45.3562153867995,43.25766371206386,46.28527633647169
333,60,"['2013', 'w22']",2013,201322,2013-06-01,6,21.775293350219695,11.456394906634829,11.445691904238458,11.470207880483837
334,61,"['2013', 'w23']",2013,201323,2013-06-08,6,21.775293350219695,26.77575455559359,26.49181183870288,26.918046516904553
335,66,"['2013', 'w24']",2013,201324,2013-06-15,6,21.775293350219695,38.62950010987485,37.4724085100607,39.27923500941881
336,68,"['2013', 'w25']",2013,201325,2013-06-22,6,21.775293350219695,56.31709693847819,55.15637180171727,56.991952716415405
337,46,"['2013', 'w26']",2013,201326,2013-06-29,6,21.775293350219695,14.775442605546779,14.893805446947255,14.765304581913213
338,51,"['2013', 'w27']",2013,201327,2013-07-06,7,21.983678817749,25.387968048098987,25.2442587380248,25.45274272231134
339,63,"['2013', 'w28']",2013,201328,2013-07-13,7,21.983678817749,8.250656273360544,7.741286561684909,8.546283004944321
340,45,"['2013', 'w29']",2013,201329,2013-07-20,7,21.983678817749,10.753539516962364,11.102466090635405,10.556565586253631
341,46,"['2013', 'w30']",2013,201330,2013-07-27,7,21.983678817749,20.10732342252445,20.34047092043836,19.910574863735928
342,30,"['2013', 'w31']",2013,201331,2013-08-03,8,21.6003341674805,38.669843335996134,36.567336236566746,39.61426685613796
343,41,"['2013', 'w32']",2013,201332,2013-08-10,8,21.6003341674805,72.7941347050279,67.86560021967128,75.31642764281537
344,44,"['2013', 'w33']",2013,201333,2013-08-17,8,21.6003341674805,32.466467551131714,34.76150650494341,31.446674686075074
345,54,"['2013', 'w34']",2013,201334,2013-08-24,8,21.6003341674805,40.93172673379375,39.29385526353035,41.68649362235709
346,36,"['2013', 'w35']",2013,201335,2013-08-31,8,21.6003341674805,57.072596912091605,58.351649781932004,56.34557728502367
347,40,"['2013', 'w36']",2013,201336,2013-09-07,9,21.3465943336487,37.07035721523293,36.32417900251306,37.39938792593061
348,34,"['2013', 'w37']",2013,201337,2013-09-14,9,21.3465943336487,18.306617020292485,19.11090956678713,17.8857116289824
349,39,"['2013', 'w38']",2013,201338,2013-09-21,9,21.3465943336487,23.87361920469246,23.87840313416172,23.8041163143183
350,41,"['2013', 'w39']",2013,201339,2013-09-28,9,21.3465943336487,76.96532453956533,77.3195704298895,76.7969691435568
351,43,"['2013', 'w40']",2013,201340,2013-10-05,10,21.063607692718502,36.85434742818339,38.02503787192746,36.216161426245975
352,42,"['2013', 'w41']",2013,201341,2013-10-12,10,21.063607692718502,77.11031752242913,78.0134925833071,76.61126627622555
353,48,"['2013', 'w42']",2013,201342,2013-10-19,10,21.063607692718502,44.37990525875879,45.05569146059562,44.18680801835472
354,48,"['2013', 'w43']",2013,201343,2013-10-26,10,21.063607692718502,28.61178898229468,29.823966472736306,28.038578961265067
355,40,"['2013', 'w44']",2013,201344,2013-11-02,11,20.767346382141106,90.46686671224792,91.602192017652,89.66642058299671
356,48,"['2013', 'w45']",2013,201345,2013-11-09,11,20.767346382141106,22.96673287035377,24.906585534874374,22.281453136507867
357,37,"['2013', 'w46']",2013,201346,2013-11-16,11,20.767346382141106,47.17681636738686,36.88562400559873,51.823304216408154
358,46,"['2013', 'w47']",2013,201347,2013-11-23,11,20.767346382141106,40.69334285847087,46.55843714239517,38.151898079849296
359,41,"['2013', 'w48']",2013,201348,2013-11-30,11,20.767346382141106,65.44783438923064,78.01005548209959,59.77761670404358
360,38,"['2013', 'w49']",2013,201349,2013-12-07,12,20.90154457092289,20.39019810191084,18.379665089574992,21.25597770430629
361,48,"['2013', 'w50']",2013,201350,2013-12-14,12,20.90154457092289,33.40714248906686,31.156137565023084,34.403493727810286
362,38,"['2013', 'w51']",2013,201351,2013-12-21,12,20.90154457092289,0.04205273746399766,0.02597112056713749,0.04858582880612256
363,23,"['2013', 'w52']",2013,201352,2013-12-28,12,20.90154457092289,5.078861495281787,0.3520172635138323,7.162798535053514
364,49,"['2014', 'w01']",2014,201401,2014-01-04,1,21.478293895721396,39.03970176511175,43.03715272433516,37.12286528795486
365,57,"['2014', 'w02']",2014,201402,2014-01-11,1,21.478293895721396,0.4232849542130816,0.021005086852732488,0.5983320301709216
366,61,"['2014', 'w03']",2014,201403,2014-01-18,1,21.478293895721396,15.661467980532832,14.131475529463394,16.40116810992569
367,59,"['2014', 'w04']",2014,201404,2014-01-25,1,21.478293895721396,12.881561189778008,13.291830864505492,12.706194535887626
368,39,"['2014', 'w05']",2014,201405,2014-02-01,2,21.511484146118196,1.343628174969192,1.8769147168035092,1.059145705494146
369,38,"['2014', 'w06']",2014,201406,2014-02-08,2,21.511484146118196,10.049571698986098,8.616162318538352,10.7759690351525
370,40,"['2014', 'w07']",2014,201407,2014-02-15,2,21.511484146118196,25.122123558768934,26.56378903642368,24.366107995618915
371,33,"['2014', 'w08']",2014,201408,2014-02-22,2,21.511484146118196,55.931018755641844,60.17390071021186,53.86538619495224
372,30,"['2014', 'w09']",2014,201409,2014-03-01,3,21.9053373336792,43.63585470197198,44.387061167684735,43.126707546537524
373,25,"['2014', 'w10']",2014,201410,2014-03-08,3,21.9053373336792,39.32667521615797,37.95345669714149,39.94056135628809
374,37,"['2014', 'w11']",2014,201411,2014-03-15,3,21.9053373336792,18.440870861461068,18.779286174267387,18.254693193668373
375,32,"['2014', 'w12']",2014,201412,2014-03-22,3,21.9053373336792,10.307088592174804,11.922671679713302,9.62837120660333
376,29,"['2014', 'w13']",2014,201413,2014-03-29,3,21.9053373336792,9.929058126722918,9.885679816047928,9.961174652041002
377,34,"['2014', 'w14']",2014,201414,2014-04-05,4,22.090331077575694,8.898264446753885,10.311366249858471,8.207530719362337
378,32,"['2014', 'w15']",2014,201415,2014-04-12,4,22.090331077575694,36.694410046662796,33.48860350599611,38.27568039816535
379,27,"['2014', 'w16']",2014,201416,2014-04-19,4,22.090331077575694,81.1801270538934,82.90944165515441,80.43505699441707
380,43,"['2014', 'w17']",2014,201417,2014-04-26,4,22.090331077575694,43.57062297753607,43.64035429148282,43.41803821394791
381,44,"['2014', 'w18']",2014,201418,2014-05-03,5,21.4379730224609,48.53005341363043,46.00922420888708,49.60870183101349
382,35,"['2014', 'w19']",2014,201419,2014-05-10,5,21.4379730224609,35.09314513102043,36.9990562743035,34.13434421666004
383,29,"['2014', 'w20']",2014,201420,2014-05-17,5,21.4379730224609,42.56596987119157,39.09285843982789,44.0549885734303
384,29,"['2014', 'w21']",2014,201421,2014-05-24,5,21.4379730224609,62.71903447737831,61.16577549072855,63.378223085425
385,28,"['2014', 'w22']",2014,201422,2014-05-31,5,21.4379730224609,20.05031293973756,18.372644318474666,20.811631853743158
386,45,"['2014', 'w23']",2014,201423,2014-06-07,6,22.060449600219695,34.49131900773329,34.088296674415105,34.826391497296115
387,44,"['2014', 'w24']",2014,201424,2014-06-14,6,22.060449600219695,17.135684529629458,14.940989920770493,18.162702341856484
388,31,"['2014', 'w25']",2014,201425,2014-06-21,6,22.060449600219695,31.016930945077736,28.93680403935161,32.07250546611816
389,44,"['2014', 'w26']",2014,201426,2014-06-28,6,22.060449600219695,20.493606156938807,19.902144433219654,20.793057141344963
390,77,"['2014', 'w27']",2014,201427,2014-07-05,7,22.637585639953603,15.956514484108016,17.438909011935266,15.211363257458995
391,56,"['2014', 'w28']",2014,201428,2014-07-12,7,22.637585639953603,3.183063229012101,3.4633748852112447,3.0647579680133394
392,69,"['2014', 'w29']",2014,201429,2014-07-19,7,22.637585639953603,3.621319423740885,3.5847971543597708,3.644234595582112
393,76,"['2014', 'w30']",2014,201430,2014-07-26,7,22.637585639953603,7.436327002373742,7.625439253175893,7.331336893003232
394,112,"['2014', 'w31']",2014,201431,2014-08-02,8,22.0667409896851,50.696680391834434,47.076994296548435,52.29260747787158
395,97,"['2014', 'w32']",2014,201432,2014-08-09,8,22.0667409896851,39.65025374304518,38.17398119663847,40.415514719523955
396,98,"['2014', 'w33']",2014,201433,2014-08-16,8,22.0667409896851,16.665739059858538,15.576827172956605,17.20012677954809
397,82,"['2014', 'w34']",2014,201434,2014-08-23,8,22.0667409896851,42.63811500096351,42.47760072744987,42.728003503400394
398,88,"['2014', 'w35']",2014,201435,2014-08-30,8,22.0667409896851,14.768871212557645,14.526892985468324,14.860393477735936
399,126,"['2014', 'w36']",2014,201436,2014-09-06,9,21.629320144653306,42.38732118361883,46.83359443968622,40.13606871343338
400,123,"['2014', 'w37']",2014,201437,2014-09-13,9,21.629320144653306,55.967576224454795,56.188263026527736,55.76292833978109
401,117,"['2014', 'w38']",2014,201438,2014-09-20,9,21.629320144653306,25.489879068057146,26.84050938265335,24.770834222725487
402,112,"['2014', 'w39']",2014,201439,2014-09-27,9,21.629320144653306,11.178604854510931,10.600323128124367,11.323238334125705
403,96,"['2014', 'w40']",2014,201440,2014-10-04,10,20.988000869751,94.94198437283127,95.25975249193716,94.75743099342793
404,95,"['2014', 'w41']",2014,201441,2014-10-11,10,20.988000869751,41.82289581528593,41.00922253765345,42.105550599108994
405,68,"['2014', 'w42']",2014,201442,2014-10-18,10,20.988000869751,50.64561492301645,53.803292481795594,49.0273712774881
406,89,"['2014', 'w43']",2014,201443,2014-10-25,10,20.988000869751,48.575025822701534,47.61096425033421,49.127665297348365
407,76,"['2014', 'w44']",2014,201444,2014-11-01,11,21.0688219070435,35.83132434070333,39.3976710923052,33.8504923240017
408,68,"['2014', 'w45']",2014,201445,2014-11-08,11,21.0688219070435,79.86239971237278,77.82359051727441,81.06594711679492
409,68,"['2014', 'w46']",2014,201446,2014-11-15,11,21.0688219070435,7.296234430896773,6.912467553880478,7.469062682141884
410,57,"['2014', 'w47']",2014,201447,2014-11-22,11,21.0688219070435,25.88606188324127,26.1786775920702,25.680061662676536
411,44,"['2014', 'w48']",2014,201448,2014-11-29,11,21.0688219070435,33.772508521924486,34.17890794887635,33.56075715803206
412,74,"['2014', 'w49']",2014,201449,2014-12-06,12,21.3217697143555,54.28696169662237,52.4476873462327,54.91821107808357
413,61,"['2014', 'w50']",2014,201450,2014-12-13,12,21.3217697143555,34.134604262022556,35.8834252719142,33.41176902434431
414,75,"['2014', 'w51']",2014,201451,2014-12-20,12,21.3217697143555,0.0,0.0,0.0
415,63,"['2014', 'w52']",2014,201452,2014-12-27,12,21.3217697143555,0.0,0.0,0.0
416,104,"['2015', 'w01']",2015,201501,2015-01-03,1,21.5782942771912,0.0,0.0,0.0
417,75,"['2015', 'w02']",2015,201502,2015-01-10,1,21.5782942771912,3.2435551738559973,3.8521442194491766,2.979896739441725
418,58,"['2015', 'w03']",2015,201503,2015-01-17,1,21.5782942771912,21.474169997384163,22.269275921093673,21.082389049491244
419,49,"['2015', 'w04']",2015,201504,2015-01-24,1,21.5782942771912,7.995334949973826,8.406009099564116,7.788199117158908
420,55,"['2015', 'w05']",2015,201505,2015-01-31,1,21.5782942771912,14.677681175504668,11.989662466648118,15.879114625467956
421,37,"['2015', 'w06']",2015,201506,2015-02-07,2,21.960876464843803,32.68240568038071,33.930717047170745,31.968407137061053
422,40,"['2015', 'w07']",2015,201507,2015-02-14,2,21.960876464843803,9.417273307920844,11.365542427007707,8.495352271020117
423,31,"['2015', 'w08']",2015,201508,2015-02-21,2,21.960876464843803,0.01438405800223798,0.016713858802537413,0.012956441714652676
424,45,"['2015', 'w09']",2015,201509,2015-02-28,2,21.960876464843803,24.718794235299917,27.83977663252089,23.22841875228848
425,27,"['2015', 'w10']",2015,201510,2015-03-07,3,21.7053375244141,5.728703460720215,4.0366594289236035,6.507134345716554
426,34,"['2015', 'w11']",2015,201511,2015-03-14,3,21.7053375244141,44.95407299979011,47.61668806421584,43.74232623224823
427,36,"['2015', 'w12']",2015,201512,2015-03-21,3,21.7053375244141,4.78888968450107,2.7448585510253904,5.621092271115302
428,31,"['2015', 'w13']",2015,201513,2015-03-28,3,21.7053375244141,39.260909596059435,40.549001365468115,38.65930034917133
429,34,"['2015', 'w14']",2015,201514,2015-04-04,4,21.88972282409669,41.92739250782286,39.9597642817935,42.777703547445405
430,31,"['2015', 'w15']",2015,201515,2015-04-11,4,21.88972282409669,42.663417584084456,41.856191134568,43.103393831998574
431,19,"['2015', 'w16']",2015,201516,2015-04-18,4,21.88972282409669,39.00238613193115,39.2332333062582,38.8759224796209
432,16,"['2015', 'w17']",2015,201517,2015-04-25,4,21.88972282409669,13.274934217315144,14.29595656487101,12.699212741647113
433,30,"['2015', 'w18']",2015,201518,2015-05-02,5,21.9558544158936,24.342983930482436,22.81687687053773,24.972088105690414
434,28,"['2015', 'w19']",2015,201519,2015-05-09,5,21.9558544158936,16.503961701230498,14.67429544384353,17.288803191083733
435,30,"['2015', 'w20']",2015,201520,2015-05-16,5,21.9558544158936,40.79206623258222,40.57587432389098,40.75990773917214
436,24,"['2015', 'w21']",2015,201521,2015-05-23,5,21.9558544158936,57.51711771015231,56.35182241425998,57.86596352279428
437,26,"['2015', 'w22']",2015,201522,2015-05-30,5,21.9558544158936,38.896255298385924,38.869311316692894,39.01259728782704
438,45,"['2015', 'w23']",2015,201523,2015-06-06,6,21.991092681884798,14.311788860209596,14.903525363189587,14.049452446108212
439,57,"['2015', 'w24']",2015,201524,2015-06-13,6,21.991092681884798,7.577783944404618,6.707095500121371,7.989299914091352
440,38,"['2015', 'w25']",2015,201525,2015-06-20,6,21.991092681884798,9.985475740384995,10.077034465011193,9.939598594916335
441,69,"['2015', 'w26']",2015,201526,2015-06-27,6,21.991092681884798,8.502988583714853,7.533767278643622,8.975573955431171
442,65,"['2015', 'w27']",2015,201527,2015-07-04,7,22.4197034835815,17.767103629767217,17.000934228113884,18.153396085813693
443,52,"['2015', 'w28']",2015,201528,2015-07-11,7,22.4197034835815,23.55308351938955,23.07163963755548,23.814782459381426
444,70,"['2015', 'w29']",2015,201529,2015-07-18,7,22.4197034835815,43.195478960330846,40.870484340594004,44.26946188850852
445,46,"['2015', 'w30']",2015,201530,2015-07-25,7,22.4197034835815,10.764665046531956,10.785084741702976,10.762193920490594
446,49,"['2015', 'w31']",2015,201531,2015-08-01,8,22.6625738143921,0.7329831039055119,0.2011172932703138,0.9629955374704352
447,58,"['2015', 'w32']",2015,201532,2015-08-08,8,22.6625738143921,10.787921148225275,10.526301113649268,10.933958744065453
448,73,"['2015', 'w33']",2015,201533,2015-08-15,8,22.6625738143921,16.849644435623258,18.298435825195867,16.200815363163006
449,72,"['2015', 'w34']",2015,201534,2015-08-22,8,22.6625738143921,24.932839047998304,24.330427634197736,25.29076669488727
450,67,"['2015', 'w35']",2015,201535,2015-08-29,8,22.6625738143921,10.846793205907408,10.874285340078789,10.79386132314525
451,104,"['2015', 'w36']",2015,201536,2015-09-05,9,22.125761032104503,21.92419348101368,21.98565530800013,21.813410304086112
452,105,"['2015', 'w37']",2015,201537,2015-09-12,9,22.125761032104503,15.800269603132456,17.89309313216647,14.818221525105207
453,119,"['2015', 'w38']",2015,201538,2015-09-19,9,22.125761032104503,28.641792461014962,28.503915680433806,28.63927508712192
454,118,"['2015', 'w39']",2015,201539,2015-09-26,9,22.125761032104503,28.120910112490797,28.426130510413127,27.92869225487793
455,103,"['2015', 'w40']",2015,201540,2015-10-03,10,21.5502395629883,60.65946254906279,68.86178610889232,56.85192613886107
456,116,"['2015', 'w41']",2015,201541,2015-10-10,10,21.5502395629883,50.5132524154064,49.45143734015128,50.9085738588877
457,129,"['2015', 'w42']",2015,201542,2015-10-17,10,21.5502395629883,24.909616826622,27.323152525758967,23.77980103171685
458,123,"['2015', 'w43']",2015,201543,2015-10-24,10,21.5502395629883,43.552121406204265,45.666334975975154,42.552076899946094
459,103,"['2015', 'w44']",2015,201544,2015-10-31,10,21.5502395629883,51.461897565814226,52.01702490290582,51.191185023091904
460,121,"['2015', 'w45']",2015,201545,2015-11-07,11,21.2006788253784,24.355677362302966,19.521389712458074,26.70326829053566
461,105,"['2015', 'w46']",2015,201546,2015-11-14,11,21.2006788253784,44.376924511637355,44.201245455119924,44.55869361484853
462,97,"['2015', 'w47']",2015,201547,2015-11-21,11,21.2006788253784,13.446559270421913,15.550404819083099,12.355660619964116
463,135,"['2015', 'w48']",2015,201548,2015-11-28,11,21.2006788253784,10.204663941424538,9.971593462441856,10.28562757799758
464,130,"['2015', 'w49']",2015,201549,2015-12-05,12,22.0834007263184,15.263778575818444,15.099849551656973,15.356779963841976
465,147,"['2015', 'w50']",2015,201550,2015-12-12,12,22.0834007263184,18.508237403907227,17.719566732443475,18.881215335662368
466,188,"['2015', 'w51']",2015,201551,2015-12-19,12,22.0834007263184,22.985536121307536,21.308507885909886,23.68669920424449
467,221,"['2015', 'w52']",2015,201552,2015-12-26,12,22.0834007263184,30.584157352602677,29.16808648961754,31.32196653023921
468,235,"['2016', 'w01']",2016,201601,2016-01-02,1,22.354769706726106,42.19383867362861,43.2611621870511,41.651164732742146
469,274,"['2016', 'w02']",2016,201602,2016-01-09,1,22.354769706726106,0.0,0.0,0.0
470,252,"['2016', 'w03']",2016,201603,2016-01-16,1,22.354769706726106,5.154849550638987,6.784560860067175,4.3432567097512615
471,262,"['2016', 'w04']",2016,201604,2016-01-23,1,22.354769706726106,0.0,0.0,0.0
472,274,"['2016', 'w05']",2016,201605,2016-01-30,1,22.354769706726106,5.5609719078889945,6.089229269995206,5.3153755706842265
473,266,"['2016', 'w06']",2016,201606,2016-02-06,2,22.6933422088623,0.0,0.0,0.0
474,234,"['2016', 'w07']",2016,201607,2016-02-13,2,22.6933422088623,12.032297683970649,13.853992829576207,11.126131433843758
475,258,"['2016', 'w08']",2016,201608,2016-02-20,2,22.6933422088623,9.962994660468812,10.732222273499492,9.633227428482822
476,272,"['2016', 'w09']",2016,201609,2016-02-27,2,22.6933422088623,0.02598849226148317,0.0,0.0375324090680977
477,189,"['2016', 'w10']",2016,201610,2016-03-05,3,22.0109806060791,24.19812978246484,24.29076529954366,24.180505760535898
478,237,"['2016', 'w11']",2016,201611,2016-03-12,3,22.0109806060791,11.459197013936146,11.72669969895036,11.330372510428242
479,272,"['2016', 'w12']",2016,201612,2016-03-19,3,22.0109806060791,4.346957147942018,4.622447614163017,4.218269854285735
480,342,"['2016', 'w13']",2016,201613,2016-03-26,3,22.0109806060791,33.29905143488334,33.74740765106275,33.04501022238889
481,303,"['2016', 'w14']",2016,201614,2016-04-02,4,22.4543056488037,10.666469035667829,8.341426422976065,11.692059290662268
482,372,"['2016', 'w15']",2016,201615,2016-04-09,4,22.4543056488037,36.441316293834596,37.22399078636353,36.1092093579111
483,353,"['2016', 'w16']",2016,201616,2016-04-16,4,22.4543056488037,37.704174355362476,35.903239896332,38.648810047829684
484,343,"['2016', 'w17']",2016,201617,2016-04-23,4,22.4543056488037,75.62265085055027,76.88224596078845,74.9296386852773
485,417,"['2016', 'w18']",2016,201618,2016-04-30,4,22.4543056488037,37.2463942654291,38.95324695513445,36.40211217520844
486,447,"['2016', 'w19']",2016,201619,2016-05-07,5,22.202556610107397,57.97473367675673,55.33100633333271,59.00885838380615
487,464,"['2016', 'w20']",2016,201620,2016-05-14,5,22.202556610107397,15.131213045612595,14.131757050666256,15.566090316617322
488,467,"['2016', 'w21']",2016,201621,2016-05-21,5,22.202556610107397,34.55241754475762,35.99830524287938,33.775166955621216
489,474,"['2016', 'w22']",2016,201622,2016-05-28,5,22.202556610107397,60.128915258395345,57.036501914867465,61.63682502031435
490,515,"['2016', 'w23']",2016,201623,2016-06-04,6,22.1604499816895,11.493460999748134,11.762620245201001,11.326931874513953
491,527,"['2016', 'w24']",2016,201624,2016-06-11,6,22.1604499816895,20.672296233186138,19.93484623789212,21.07212701341549
492,527,"['2016', 'w25']",2016,201625,2016-06-18,6,22.1604499816895,24.84503369374627,24.48119645256927,25.061435422044077
493,514,"['2016', 'w26']",2016,201626,2016-06-25,6,22.1604499816895,30.30416205894664,30.2771208986568,30.40486380604668
494,592,"['2016', 'w27']",2016,201627,2016-07-02,7,22.1717872619629,32.80883194071628,31.71214672609227,33.32610046066314
495,526,"['2016', 'w28']",2016,201628,2016-07-09,7,22.1717872619629,32.533352794351806,31.293896908690968,33.008844806229
496,461,"['2016', 'w29']",2016,201629,2016-07-16,7,22.1717872619629,33.34138884883052,31.8920682757373,33.931246121437155
497,478,"['2016', 'w30']",2016,201630,2016-07-23,7,22.1717872619629,18.6513396354208,18.178140804041988,18.878944008316978
498,501,"['2016', 'w31']",2016,201631,2016-07-30,7,22.1717872619629,35.29964173283983,34.21325323466517,35.88532589530168
499,488,"['2016', 'w32']",2016,201632,2016-08-06,8,22.6003351211548,36.01015525720594,37.32350101885588,35.42012937026923
500,539,"['2016', 'w33']",2016,201633,2016-08-13,8,22.6003351211548,62.2972188289831,65.48108428319296,60.9521075021181
501,466,"['2016', 'w34']",2016,201634,2016-08-20,8,22.6003351211548,30.21349640125327,28.023166061253942,31.382383022273878
502,400,"['2016', 'w35']",2016,201635,2016-08-27,8,22.6003351211548,79.99778671102023,83.27900735283819,78.45292365653346
503,378,"['2016', 'w36']",2016,201636,2016-09-03,9,21.6453790664673,78.70218282363591,77.11503351183906,79.53969993798161
504,342,"['2016', 'w37']",2016,201637,2016-09-10,9,21.6453790664673,58.837706402634204,63.88254323397282,56.3453300767391
505,328,"['2016', 'w38']",2016,201638,2016-09-17,9,21.6453790664673,23.05172679070686,23.449794878936626,22.852646972386484
506,354,"['2016', 'w39']",2016,201639,2016-09-24,9,21.6453790664673,38.301828684138414,41.92614077300842,36.522467676676406
507,263,"['2016', 'w40']",2016,201640,2016-10-01,10,21.3013687133789,40.8256304246911,39.87700814694022,41.178171750489696
508,262,"['2016', 'w41']",2016,201641,2016-10-08,10,21.3013687133789,75.14379163215098,78.10532143127516,73.85131219906123
509,255,"['2016', 'w42']",2016,201642,2016-10-15,10,21.3013687133789,43.98224466703413,45.84020053015816,42.944940439242345
510,226,"['2016', 'w43']",2016,201643,2016-10-22,10,21.3013687133789,51.175088878716345,52.93179925421009,50.29028851857727
511,185,"['2016', 'w44']",2016,201644,2016-10-29,10,21.3013687133789,48.034871910331546,49.208049546578074,47.52258023771829
512,184,"['2016', 'w45']",2016,201645,2016-11-05,11,20.7652626037598,68.24186170518921,68.48679460719012,68.16715983702379
513,192,"['2016', 'w46']",2016,201646,2016-11-12,11,20.7652626037598,52.738164895243294,56.62568508668797,50.8693997288957
514,181,"['2016', 'w47']",2016,201647,2016-11-19,11,20.7652626037598,17.043967836938602,14.731635556244044,18.0534134880752
515,143,"['2016', 'w48']",2016,201648,2016-11-26,11,20.7652626037598,71.22994130126226,69.33806609185997,71.96912384561107
516,116,"['2016', 'w49']",2016,201649,2016-12-03,12,20.966388702392603,28.770977139025373,29.309961116486697,28.462069206306747
517,124,"['2016', 'w50']",2016,201650,2016-12-10,12,20.966388702392603,24.924292881065075,25.618441089685412,24.501443927233108
518,122,"['2016', 'w51']",2016,201651,2016-12-17,12,20.966388702392603,0.0,0.0,0.0
519,110,"['2016', 'w52']",2016,201652,2016-12-24,12,20.966388702392603,31.31165068453932,29.139196197307054,32.361431590044496
520,89,"['2017', 'w01']",2017,201701,2017-01-07,1,20.7753419876099,52.182410846216065,52.76645926000991,51.78399059538706
521,99,"['2017', 'w02']",2017,201702,2017-01-07,1,20.7753419876099,52.182410846216065,52.76645926000991,51.78399059538706
522,78,"['2017', 'w03']",2017,201703,2017-01-14,1,20.7753419876099,8.382990150189071,1.9852820631386576,11.162617755377937
523,69,"['2017', 'w04']",2017,201704,2017-01-21,1,20.7753419876099,0.04466390550061968,0.0,0.06450331765927722
524,57,"['2017', 'w05']",2017,201705,2017-01-28,1,20.7753419876099,22.58616995677185,22.923551065564734,22.365231057825106
525,52,"['2017', 'w06']",2017,201706,2017-02-04,2,21.256710529327396,4.168444583651718,1.4403832159180572,5.453082425315295
526,47,"['2017', 'w07']",2017,201707,2017-02-11,2,21.256710529327396,0.4447834494713699,0.4695300724195398,0.6379808175095163
527,51,"['2017', 'w08']",2017,201708,2017-02-18,2,21.256710529327396,30.209399973943327,42.23100128864896,24.59915446351677
528,50,"['2017', 'w09']",2017,201709,2017-02-25,2,21.256710529327396,15.176443453724305,12.604800908692214,16.223571722506403
529,48,"['2017', 'w10']",2017,201710,2017-03-04,3,21.156813621521,64.90891458342162,67.64205211187907,63.539936524950114
530,40,"['2017', 'w11']",2017,201711,2017-03-11,3,21.156813621521,54.56332761981759,57.35915945025457,53.038657248531926
531,42,"['2017', 'w12']",2017,201712,2017-03-18,3,21.156813621521,43.08627742834772,48.090216900185105,40.77828666197462
532,41,"['2017', 'w13']",2017,201713,2017-03-25,3,21.156813621521,74.48419125566494,79.22825901243422,72.16352575007359
533,56,"['2017', 'w14']",2017,201714,2017-04-01,4,21.9263544082642,8.739839587700981,9.639551946621586,8.346658305673646
534,43,"['2017', 'w15']",2017,201715,2017-04-08,4,21.9263544082642,65.11343873464719,65.92160773899244,64.6830501682447
535,57,"['2017', 'w16']",2017,201716,2017-04-15,4,21.9263544082642,29.578598622162733,29.66118469491673,29.494208965805715
536,38,"['2017', 'w17']",2017,201717,2017-04-22,4,21.9263544082642,39.93156509524741,36.531293383427865,41.61311396548396
537,37,"['2017', 'w18']",2017,201718,2017-04-29,4,21.9263544082642,53.47430984129446,51.65368996438198,54.218093555004856
538,40,"['2017', 'w19']",2017,201719,2017-05-06,5,21.574604988098105,93.70421623392905,96.13659062178236,92.32475076172078
539,46,"['2017', 'w20']",2017,201720,2017-05-13,5,21.574604988098105,62.346255808583784,61.53877563038887,62.57924681629901
540,47,"['2017', 'w21']",2017,201721,2017-05-20,5,21.574604988098105,37.09590722219518,32.567874211620016,39.152678682962495
541,42,"['2017', 'w22']",2017,201722,2017-05-27,5,21.574604988098105,17.356341464498612,17.24913011138566,17.473236885643953
542,33,"['2017', 'w23']",2017,201723,2017-06-03,6,21.4643564224243,35.01615153221374,34.23683312710933,35.31839973539775
543,39,"['2017', 'w24']",2017,201724,2017-06-10,6,21.4643564224243,50.36520977312691,49.06279069006732,51.098926823008846
544,24,"['2017', 'w25']",2017,201725,2017-06-17,6,21.4643564224243,54.754922743285256,54.412768171835644,54.96199232175563
545,38,"['2017', 'w26']",2017,201726,2017-06-24,6,21.4643564224243,50.666373861149346,46.361081109069964,52.941714133604385
546,51,"['2017', 'w27']",2017,201727,2017-07-01,7,22.1515617370605,8.340266376771076,8.618789642099019,8.218488990425579
547,50,"['2017', 'w28']",2017,201728,2017-07-08,7,22.1515617370605,7.068763474648229,5.136900041241576,7.912265269722919
548,38,"['2017', 'w29']",2017,201729,2017-07-15,7,22.1515617370605,25.34289919412479,24.987372560086463,25.492873531092467
549,36,"['2017', 'w30']",2017,201730,2017-07-22,7,22.1515617370605,2.96382729341748,2.538664320989508,3.161938222511505
550,38,"['2017', 'w31']",2017,201731,2017-07-29,7,22.1515617370605,24.49565869081155,25.011889796441306,24.30492965473721
551,27,"['2017', 'w32']",2017,201732,2017-08-05,8,21.2206473350525,32.95446137485277,31.303825807801772,33.70414081947113
552,14,"['2017', 'w33']",2017,201733,2017-08-12,8,21.2206473350525,34.10492460129407,34.279206484872944,34.01946546866567
553,44,"['2017', 'w34']",2017,201734,2017-08-19,8,21.2206473350525,22.343908607959747,20.9063892290788,23.097687023557587
554,29,"['2017', 'w35']",2017,201735,2017-08-26,8,21.2206473350525,45.812709485484895,46.55873497165921,45.512487160475395
555,31,"['2017', 'w36']",2017,201736,2017-09-02,9,21.848070144653306,47.81894677109057,48.20716045305925,47.52639633813058
556,39,"['2017', 'w37']",2017,201737,2017-09-09,9,21.848070144653306,66.09193590212524,67.1881209516295,65.39921020308718
557,37,"['2017', 'w38']",2017,201738,2017-09-16,9,21.848070144653306,30.63030624329969,31.039726458655466,30.350677942076913
558,42,"['2017', 'w39']",2017,201739,2017-09-23,9,21.848070144653306,45.953269484269896,43.351820291528384,47.20272962948989
559,31,"['2017', 'w40']",2017,201740,2017-09-30,9,21.848070144653306,80.57372898064806,87.86728005017635,77.079101103116
560,29,"['2017', 'w41']",2017,201741,2017-10-07,10,21.0552749633789,29.048497827614053,29.93065072004346,28.667897662263194
561,27,"['2017', 'w42']",2017,201742,2017-10-14,10,21.0552749633789,21.12402849882207,20.536282508269604,21.356354133823157
562,27,"['2017', 'w43']",2017,201743,2017-10-21,10,21.0552749633789,62.500063301885824,66.55761150277179,60.72816441714146
563,24,"['2017', 'w44']",2017,201744,2017-10-28,10,21.0552749633789,38.06413048483402,34.291077031259945,39.532860074385866
564,27,"['2017', 'w45']",2017,201745,2017-11-04,11,20.936095714569106,37.31274333488062,39.35001437744656,36.377278727640466
565,22,"['2017', 'w46']",2017,201746,2017-11-11,11,20.936095714569106,76.72461777127282,76.492863857343,76.87914219368005
566,28,"['2017', 'w47']",2017,201747,2017-11-18,11,20.936095714569106,30.484558748363405,31.582323868608714,30.03294607874392
567,21,"['2017', 'w48']",2017,201748,2017-11-25,11,20.936095714569106,33.16582971833674,31.86651172177228,33.774345565585605
568,30,"['2017', 'w49']",2017,201749,2017-12-02,12,20.836353302002,27.747386320511602,27.270160118047738,27.929747289518836
569,14,"['2017', 'w50']",2017,201750,2017-12-09,12,20.836353302002,30.743031977711986,30.883722236191016,30.597602592137303
570,22,"['2017', 'w51']",2017,201751,2017-12-16,12,20.836353302002,1.4254769273335404,1.0092136618019878,1.5829006984553835
571,19,"['2017', 'w52']",2017,201752,2017-12-23,12,20.836353302002,16.35792715737459,15.993181807061898,16.543374877896078
572,16,"['2018', 'w01']",2018,201801,2018-01-06,1,20.9797692298889,32.73385715708416,32.809556015678076,32.600099719815056
573,35,"['2018', 'w02']",2018,201802,2018-01-13,1,20.9797692298889,27.799902275447106,32.689836670695875,25.563270057104212
574,26,"['2018', 'w03']",2018,201803,2018-01-20,1,20.9797692298889,12.281645540600277,10.642158136736366,13.121540509033034
575,26,"['2018', 'w04']",2018,201804,2018-01-27,1,20.9797692298889,43.786271352791815,45.45094524973257,42.97264883823111
576,30,"['2018', 'w05']",2018,201805,2018-02-03,2,21.18084192276,0.647042355042077,0.010233521576664873,0.9296681752745728
577,22,"['2018', 'w06']",2018,201806,2018-02-10,2,21.18084192276,4.914404866095628,5.105110644372765,4.700613549323412
578,23,"['2018', 'w07']",2018,201807,2018-02-17,2,21.18084192276,17.408374423228754,19.967279972315986,16.287332518845197
579,21,"['2018', 'w08']",2018,201808,2018-02-24,2,21.18084192276,0.0,0.0,0.0
580,25,"['2018', 'w09']",2018,201809,2018-03-03,3,21.726171493530305,9.900382785534527,12.725979111160056,8.325473755880875
581,22,"['2018', 'w10']",2018,201810,2018-03-10,3,21.726171493530305,0.7735521223428701,0.4177360949308976,0.9217874942405484
582,14,"['2018', 'w11']",2018,201811,2018-03-17,3,21.726171493530305,26.9645796891148,27.576241977433646,26.65974685664205
583,24,"['2018', 'w12']",2018,201812,2018-03-24,3,21.726171493530305,57.48009969072139,58.18911924270039,57.31547620508717
584,20,"['2018', 'w13']",2018,201813,2018-03-31,3,21.726171493530305,77.83930208648698,80.29394877037565,76.6932600610029
585,24,"['2018', 'w14']",2018,201814,2018-04-07,4,21.1242713928223,60.67249569278189,59.119618425507475,61.271755198467076
586,22,"['2018', 'w15']",2018,201815,2018-04-14,4,21.1242713928223,21.72741387644608,18.0729706812596,23.328588093183622
587,22,"['2018', 'w16']",2018,201816,2018-04-21,4,21.1242713928223,58.98329107200397,59.39890639943201,58.739196004503405
588,20,"['2018', 'w17']",2018,201817,2018-04-28,4,21.1242713928223,69.41461763908627,72.99751185610674,67.64957429260568
589,24,"['2018', 'w18']",2018,201818,2018-05-05,5,21.0373649597168,80.56800836600708,79.2293490852135,81.18473447548874
590,20,"['2018', 'w19']",2018,201819,2018-05-12,5,21.0373649597168,81.47877585634272,89.78069304959209,77.43019223331706
591,21,"['2018', 'w20']",2018,201820,2018-05-19,5,21.0373649597168,83.89886846709462,78.0657184066404,86.53922795753807
592,17,"['2018', 'w21']",2018,201821,2018-05-26,5,21.0373649597168,75.6025514538506,75.7929104924778,75.67596666251596
593,19,"['2018', 'w22']",2018,201822,2018-06-02,6,21.4571514129639,29.92644530187859,30.18540187377285,29.763233172209407
594,23,"['2018', 'w23']",2018,201823,2018-06-09,6,21.4571514129639,23.1027636384785,21.554959616223396,23.945117259316458
595,22,"['2018', 'w24']",2018,201824,2018-06-16,6,21.4571514129639,9.321223105037015,7.6098723985146774,10.183455417611944
596,23,"['2018', 'w25']",2018,201825,2018-06-23,6,21.4571514129639,46.17523636082386,45.533611781124904,46.571602338156545
597,23,"['2018', 'w26']",2018,201826,2018-06-30,6,21.4571514129639,34.746797375912514,33.80934328526114,35.23700077311248
598,27,"['2018', 'w27']",2018,201827,2018-07-07,7,21.952168464660602,6.514134443988639,5.8636510576602925,6.864566389031935
599,35,"['2018', 'w28']",2018,201828,2018-07-14,7,21.952168464660602,8.002134205104412,10.573316114305877,6.821978729341133
600,22,"['2018', 'w29']",2018,201829,2018-07-21,7,21.952168464660602,21.427642879632298,21.040828021597747,21.616884244926585
601,19,"['2018', 'w30']",2018,201830,2018-07-28,7,21.952168464660602,36.24753702776006,32.02855269574889,38.04370798678943
602,20,"['2018', 'w31']",2018,201831,2018-08-04,8,21.7194323539734,20.803560106156016,21.12607127007655,20.69441342800923
603,22,"['2018', 'w32']",2018,201832,2018-08-11,8,21.7194323539734,31.51553134893875,29.338823377596587,32.63775359651674
604,18,"['2018', 'w33']",2018,201833,2018-08-18,8,21.7194323539734,12.34534322950658,12.769905024191035,12.145265538364962
605,25,"['2018', 'w34']",2018,201834,2018-08-25,8,21.7194323539734,30.289459210686456,29.98757668532036,30.472503061376443
606,27,"['2018', 'w35']",2018,201835,2018-09-01,9,21.3472018241882,58.7678523275521,61.31898167697703,57.565092957510025
607,25,"['2018', 'w36']",2018,201836,2018-09-08,9,21.3472018241882,55.57761058237436,57.008874182309505,54.75881836309834
608,12,"['2018', 'w37']",2018,201837,2018-09-15,9,21.3472018241882,25.429674678063666,25.033699009844646,25.52720759241386
609,22,"['2018', 'w38']",2018,201838,2018-09-22,9,21.3472018241882,46.58802673418322,45.424763471723175,47.115883794781105
610,22,"['2018', 'w39']",2018,201839,2018-09-29,9,21.3472018241882,107.53350840193757,114.18680114561808,104.27422274500334
611,27,"['2018', 'w40']",2018,201840,2018-10-06,10,20.748416423797604,76.85626556145233,76.19373085556398,77.06463104602281
612,23,"['2018', 'w41']",2018,201841,2018-10-13,10,20.748416423797604,25.432126139445664,29.8646763227988,23.356458733214325
613,24,"['2018', 'w42']",2018,201842,2018-10-20,10,20.748416423797604,50.62133583467504,53.08584914829421,49.511025819205294
614,24,"['2018', 'w43']",2018,201843,2018-10-27,10,20.748416423797604,46.613644702562844,48.633548184178316,45.54929220283188
615,17,"['2018', 'w44']",2018,201844,2018-11-03,11,20.8867034912109,24.74600091729505,27.072172403105217,24.062472941592112
616,20,"['2018', 'w45']",2018,201845,2018-11-10,11,20.8867034912109,23.602477400040303,23.41805189381475,23.24276159222289
617,15,"['2018', 'w46']",2018,201846,2018-11-17,11,20.8867034912109,70.620302010239,74.50434338666392,68.93523104999922
618,41,"['2018', 'w47']",2018,201847,2018-11-24,11,20.8867034912109,64.63637425857729,62.428213047635744,65.70239135769769
619,28,"['2018', 'w48']",2018,201848,2018-12-01,12,20.9363527297974,8.916641804989945,8.656351289196289,9.114418937887377
620,12,"['2018', 'w49']",2018,201849,2018-12-08,12,20.9363527297974,17.006086049449905,16.07686931960249,17.334869894354366
621,27,"['2018', 'w50']",2018,201850,2018-12-15,12,20.9363527297974,5.6732477515712105,5.3887781888390505,5.79455509279521
622,17,"['2018', 'w51']",2018,201851,2018-12-22,12,20.9363527297974,2.7851028964063325,2.7080240382808416,2.8102409459593285
623,17,"['2018', 'w52']",2018,201852,2018-12-29,12,20.9363527297974,0.0,0.0,0.0
