,cases_medellin,DATA,YEAR,YearWeek,LastDayWeek,MONTH,temperature,percipitation_medellin,percipitation_medellin_rural,percipitation_medellin_urbano
0,1,"['2007', 'w01']",2007,200701,2007-01-06,1,19.615357142857142,10.40042309631521,11.93265974786547,9.624379503180128
1,0,"['2007', 'w02']",2007,200702,2007-01-13,1,22.234,19.51061511416264,20.18247632289278,19.15314160180748
2,0,"['2007', 'w03']",2007,200703,2007-01-20,1,22.26885714285714,2.036513927234401,0.8256070611557523,2.551440747943493
3,0,"['2007', 'w04']",2007,200704,2007-01-27,1,23.546,19.40549132316382,21.61696791441544,18.43928354770765
4,0,"['2007', 'w05']",2007,200705,2007-02-03,2,25.35307142857143,0.0,0.0,0.0
5,0,"['2007', 'w06']",2007,200706,2007-02-10,2,25.291428571428565,7.634523419888051,8.383091279734735,7.313470963163113
6,0,"['2007', 'w07']",2007,200707,2007-02-17,2,24.71907142857143,8.2071019524799,7.261785463895199,8.644309590059684
7,0,"['2007', 'w08']",2007,200708,2007-02-24,2,25.926785714285714,1.479337163914327,0.005340154159472184,2.143361165982868
8,0,"['2007', 'w09']",2007,200709,2007-03-03,3,26.676857142857138,6.803458196184564,8.832785040629659,5.961875404567893
9,0,"['2007', 'w10']",2007,200710,2007-03-10,3,27.0615,31.9934662719806,33.24117832275981,31.40581268334607
10,0,"['2007', 'w11']",2007,200711,2007-03-17,3,26.74842857142857,25.943626284524,24.93764769374461,26.40117536816028
11,0,"['2007', 'w12']",2007,200712,2007-03-24,3,26.353214285714284,43.86532373723544,47.21030997746232,42.14531521359715
12,0,"['2007', 'w13']",2007,200713,2007-03-31,3,17.001499999999997,52.26168767869736,53.00675253384355,52.06591475064602
13,1,"['2007', 'w14']",2007,200714,2007-04-07,4,22.576857142857147,78.51978283183001,84.02253083537742,75.84297351880905
14,0,"['2007', 'w15']",2007,200715,2007-04-14,4,25.829,60.45115579093322,60.83910733789639,60.18255364162112
15,0,"['2007', 'w16']",2007,200716,2007-04-21,4,27.204214285714286,43.62406708926094,41.15098804805589,45.13783366034883
16,0,"['2007', 'w17']",2007,200717,2007-04-28,4,22.922071428571428,59.5167934822268,57.89876333089268,60.28442215897621
17,1,"['2007', 'w18']",2007,200718,2007-05-05,5,25.297071428571428,47.08452092599657,46.64626452312378,47.36417826425045
18,0,"['2007', 'w19']",2007,200719,2007-05-12,5,21.467928571428565,57.39819954590787,56.97473999175473,57.60616547962941
19,0,"['2007', 'w20']",2007,200720,2007-05-19,5,25.564,83.95157093528847,81.90310247140232,84.64612862702904
20,0,"['2007', 'w21']",2007,200721,2007-05-26,5,24.859571428571428,122.8915949718755,119.6662018287585,124.4121232562109
21,0,"['2007', 'w22']",2007,200722,2007-06-02,6,24.7995,73.00885879473827,72.41377820461845,73.14908664642125
22,0,"['2007', 'w23']",2007,200723,2007-06-09,6,24.641714285714283,39.261752842426,37.52516408611611,40.08501729604301
23,0,"['2007', 'w24']",2007,200724,2007-06-16,6,22.987785714285717,1.184706850663364,0.4224913230840711,1.514802273041612
24,0,"['2007', 'w25']",2007,200725,2007-06-23,6,23.03442857142857,16.11328667680899,16.6848739022794,15.92601553524306
25,0,"['2007', 'w26']",2007,200726,2007-06-30,6,22.796714285714284,12.98012238360626,11.05558114581638,13.91518080048605
26,0,"['2007', 'w27']",2007,200727,2007-07-07,7,24.90507142857143,0.0,0.0,0.0
27,1,"['2007', 'w28']",2007,200728,2007-07-14,7,22.360357142857147,42.87951609535603,40.73642129241557,43.93741656022334
28,0,"['2007', 'w29']",2007,200729,2007-07-21,7,21.38914285714285,59.43952274616203,61.24766810113105,58.61072169881349
29,0,"['2007', 'w30']",2007,200730,2007-07-28,7,21.85857142857143,57.70456474352996,59.34398979610867,57.12481968512228
30,0,"['2007', 'w31']",2007,200731,2007-08-04,8,23.459285714285716,10.60751094086894,10.06116527071322,10.82157535110045
31,0,"['2007', 'w32']",2007,200732,2007-08-11,8,19.777285714285718,41.78018771239045,38.28887211573873,43.53356156917887
32,0,"['2007', 'w33']",2007,200733,2007-08-18,8,22.903642857142852,62.22066653241707,65.31564253217356,60.90926313236219
33,0,"['2007', 'w34']",2007,200734,2007-08-25,8,24.17685714285714,59.73592955035947,54.86187051828358,62.15760718977779
34,0,"['2007', 'w35']",2007,200735,2007-09-01,9,23.745,60.16177175862835,59.92796616991937,60.23216234587748
35,0,"['2007', 'w36']",2007,200736,2007-09-08,9,24.549142857142854,48.41778706434928,51.67650244293581,46.92157660318076
36,0,"['2007', 'w37']",2007,200737,2007-09-15,9,25.44592857142857,31.87612753116248,29.04218057457376,33.06145549498567
37,0,"['2007', 'w38']",2007,200738,2007-09-22,9,23.73728571428572,52.29265679698614,54.00426211840864,51.33235973327532
38,0,"['2007', 'w39']",2007,200739,2007-09-29,9,26.829785714285716,56.71586657639779,57.51743927140167,56.09745982261972
39,0,"['2007', 'w40']",2007,200740,2007-10-06,10,26.020142857142854,68.0599532327694,66.40063221696495,68.8873313142619
40,0,"['2007', 'w41']",2007,200741,2007-10-13,10,24.926642857142852,80.66728779174673,87.97647403081258,77.30916129755317
41,0,"['2007', 'w42']",2007,200742,2007-10-20,10,23.488357142857147,72.83487498120124,74.27516072591148,71.93088017997391
42,0,"['2007', 'w43']",2007,200743,2007-10-27,10,23.664642857142855,74.77936598129537,75.5694125433475,74.29436192250033
43,0,"['2007', 'w44']",2007,200744,2007-11-03,11,22.04192857142857,72.73946717850258,74.51429580743762,71.92889823016772
44,0,"['2007', 'w45']",2007,200745,2007-11-10,11,24.12,38.8315362272124,38.08000052309266,39.12856211662293
45,0,"['2007', 'w46']",2007,200746,2007-11-17,11,25.03242857142857,27.25554856467834,26.5848411311274,27.63048353217064
46,0,"['2007', 'w47']",2007,200747,2007-11-24,11,22.489857142857147,35.32727386931867,34.73351653601237,35.46798970589944
47,0,"['2007', 'w48']",2007,200748,2007-12-01,12,23.627142857142854,24.98810436427405,24.47495341669534,25.25470300355089
48,0,"['2007', 'w49']",2007,200749,2007-12-08,12,23.04642857142857,0.2022432994782284,0.1464389211313736,0.2128548578384819
49,0,"['2007', 'w50']",2007,200750,2007-12-15,12,24.104357142857147,14.89534423235317,4.151300203627435,20.837123601371
50,0,"['2007', 'w51']",2007,200751,2007-12-22,12,23.99292857142857,21.87665434208989,15.62783753307545,24.81004746507067
51,1,"['2007', 'w52']",2007,200752,2007-12-29,12,21.172,98.4820366225059,116.8667684527411,89.25295740092565
52,26,"['2008', 'w01']",2008,200801,2008-01-05,1,21.26821428571429,0.0,0.0,0.0
53,24,"['2008', 'w02']",2008,200802,2008-01-12,1,22.460785714285716,73.89478720567381,72.85822238231052,74.20925942779682
54,21,"['2008', 'w03']",2008,200803,2008-01-19,1,20.494214285714285,2.469825642363451,1.449563728092949,2.899328892821566
55,18,"['2008', 'w04']",2008,200804,2008-01-26,1,22.619357142857147,17.19323386328173,19.18827889599086,16.41366368346258
56,15,"['2008', 'w05']",2008,200805,2008-02-02,2,23.660999999999998,0.488247834875549,0.7237942398458287,0.3558890681747996
57,17,"['2008', 'w06']",2008,200806,2008-02-09,2,23.7355,0.0,0.0,0.0
58,17,"['2008', 'w07']",2008,200807,2008-02-16,2,23.406,43.46975145246586,42.33535827553791,43.95340909520421
59,18,"['2008', 'w08']",2008,200808,2008-02-23,2,24.391142857142853,92.08456892268386,100.2522079375631,88.49383506884269
60,22,"['2008', 'w09']",2008,200809,2008-03-01,3,23.450857142857146,23.36436975356226,21.33071378809242,24.28626124312025
61,25,"['2008', 'w10']",2008,200810,2008-03-08,3,23.530857142857148,71.34869518840306,76.21082212890403,68.93095459784936
62,16,"['2008', 'w11']",2008,200811,2008-03-15,3,21.919928571428574,44.56390051757393,47.17343161347983,43.29850323703311
63,15,"['2008', 'w12']",2008,200812,2008-03-22,3,24.456999999999997,18.20265459999282,18.6997431345032,18.0066338089628
64,20,"['2008', 'w13']",2008,200813,2008-03-29,3,24.29114285714286,36.11209017177661,36.00587664249439,36.21558038641554
65,16,"['2008', 'w14']",2008,200814,2008-04-05,4,23.433714285714288,42.94403335864379,46.10342120018558,41.64652916564854
66,17,"['2008', 'w15']",2008,200815,2008-04-12,4,24.949571428571428,56.17911386022971,52.86857260920575,57.89478195916622
67,18,"['2008', 'w16']",2008,200816,2008-04-19,4,25.574928571428572,15.41542323751684,15.03359729886631,15.63118816515721
68,12,"['2008', 'w17']",2008,200817,2008-04-26,4,25.835285714285718,75.36401536543009,76.25117201183154,74.82908227465569
69,16,"['2008', 'w18']",2008,200818,2008-05-03,5,26.919,109.9362971148608,109.6878586746068,110.044436147891
70,12,"['2008', 'w19']",2008,200819,2008-05-10,5,26.766714285714283,33.15586721776636,33.29478983164986,33.08986466067647
71,19,"['2008', 'w20']",2008,200820,2008-05-17,5,24.9465,41.01619636033504,40.31778282266884,41.52801356020323
72,12,"['2008', 'w21']",2008,200821,2008-05-24,5,23.879500000000004,128.46334735683,133.9394839314447,125.5818757474969
73,20,"['2008', 'w22']",2008,200822,2008-05-31,5,23.251214285714287,89.76861093892227,86.56663186354339,91.45922366457248
74,21,"['2008', 'w23']",2008,200823,2008-06-07,6,22.383142857142857,74.8234746859786,72.43794303216796,76.33221685831701
75,23,"['2008', 'w24']",2008,200824,2008-06-14,6,24.12514285714286,48.96031800885781,47.14237253631371,49.98500018666643
76,15,"['2008', 'w25']",2008,200825,2008-06-21,6,17.771285714285714,34.77496811715545,33.16386348429509,35.6526196263252
77,13,"['2008', 'w26']",2008,200826,2008-06-28,6,22.466785714285717,66.82606403882639,64.38376112813535,68.21342052226767
78,7,"['2008', 'w27']",2008,200827,2008-07-05,7,27.93657142857143,69.13279799024139,69.42598632821715,69.14270271199558
79,15,"['2008', 'w28']",2008,200828,2008-07-12,7,27.8245,38.88410512518446,38.74781658683998,38.9069034683595
80,15,"['2008', 'w29']",2008,200829,2008-07-19,7,27.42328571428572,71.62021584715635,73.2757519616021,70.94296419161176
81,17,"['2008', 'w30']",2008,200830,2008-07-26,7,23.21307142857143,31.99120885348365,31.78731496691128,31.95249821374176
82,10,"['2008', 'w31']",2008,200831,2008-08-02,8,22.30985714285714,52.40925922110649,51.40153085828403,53.10553652868358
83,15,"['2008', 'w32']",2008,200832,2008-08-09,8,21.452357142857142,18.75989875519343,17.69489489707394,19.2846950491634
84,21,"['2008', 'w33']",2008,200833,2008-08-16,8,24.31407142857143,80.14687787650584,79.84783441709436,80.40524161190068
85,12,"['2008', 'w34']",2008,200834,2008-08-23,8,26.838857142857147,69.85459658253141,68.29547596115997,70.66555984140537
86,23,"['2008', 'w35']",2008,200835,2008-08-30,8,25.068857142857148,94.04843230813796,93.01727662293807,94.79484308531525
87,16,"['2008', 'w36']",2008,200836,2008-09-06,9,22.394928571428565,44.03261405090253,45.32233771632835,43.38753367137471
88,22,"['2008', 'w37']",2008,200837,2008-09-13,9,23.42385714285714,14.32876620492977,14.37029543660113,14.26312058103194
89,14,"['2008', 'w38']",2008,200838,2008-09-20,9,25.18771428571429,80.78436254912815,80.01330720238066,81.12951729013285
90,16,"['2008', 'w39']",2008,200839,2008-09-27,9,23.513785714285717,73.12617989913315,74.42930274078812,72.37215076345917
91,18,"['2008', 'w40']",2008,200840,2008-10-04,10,26.08642857142857,72.15683009017515,71.36071787801919,72.4873560686724
92,22,"['2008', 'w41']",2008,200841,2008-10-11,10,28.543857142857146,51.73957033964628,53.258623750659,51.06492928693055
93,19,"['2008', 'w42']",2008,200842,2008-10-18,10,24.97657142857143,93.45557461037939,95.94355807557773,92.16107345196086
94,15,"['2008', 'w43']",2008,200843,2008-10-25,10,19.276785714285715,38.79926854330607,38.04434073351432,39.16531073281524
95,25,"['2008', 'w44']",2008,200844,2008-11-01,11,24.1645,75.1470795701895,77.52682124428128,73.75600432255946
96,23,"['2008', 'w45']",2008,200845,2008-11-08,11,22.03985714285714,37.06265563175638,38.50475296628649,36.28040840122679
97,10,"['2008', 'w46']",2008,200846,2008-11-15,11,27.07764285714286,45.75901038090941,48.82896383165738,44.31289651415764
98,19,"['2008', 'w47']",2008,200847,2008-11-22,11,25.198785714285716,79.92559470636364,84.11700236279032,77.60202488374271
99,15,"['2008', 'w48']",2008,200848,2008-11-29,11,23.451,80.81226269579808,77.34912994126768,82.69060421580569
100,17,"['2008', 'w49']",2008,200849,2008-12-06,12,25.493071428571426,0.0,0.0,0.0
101,13,"['2008', 'w50']",2008,200850,2008-12-13,12,23.52542857142857,60.48817196761365,60.90848909622229,60.06454150468932
102,19,"['2008', 'w51']",2008,200851,2008-12-20,12,21.202142857142857,6.770606025065037,5.805529458971992,7.490779122190737
103,16,"['2008', 'w52']",2008,200852,2008-12-27,12,23.5145,0.0,0.0,0.0
104,4,"['2009', 'w01']",2009,200901,2009-01-03,1,23.81442857142857,0.0555299724571628,0.0,0.08064582238503552
105,4,"['2009', 'w02']",2009,200902,2009-01-10,1,23.716428571428565,27.87591252143219,31.91680024280641,25.90231912507923
106,3,"['2009', 'w03']",2009,200903,2009-01-17,1,21.531857142857145,25.52673551792294,28.93532610354217,24.15279619639073
107,2,"['2009', 'w04']",2009,200904,2009-01-24,1,19.08771428571428,43.37627101833129,40.22288116786792,44.60223410195167
108,3,"['2009', 'w05']",2009,200905,2009-01-31,1,22.715857142857143,22.91936577367994,25.83543266213459,21.48215785770241
109,1,"['2009', 'w06']",2009,200906,2009-02-07,2,24.14907142857143,19.20378558935429,21.06321230165049,18.55190591134063
110,1,"['2009', 'w07']",2009,200907,2009-02-14,2,23.291999999999998,37.29949782140181,41.23879369468505,35.30404846252652
111,3,"['2009', 'w08']",2009,200908,2009-02-21,2,23.89107142857143,29.20403044267463,30.24809092001063,28.71962572237767
112,1,"['2009', 'w09']",2009,200909,2009-02-28,2,24.477214285714286,12.8783803697033,14.10156173706055,12.31943204337304
113,1,"['2009', 'w10']",2009,200910,2009-03-07,3,21.874285714285715,54.5451483669269,54.47140727204401,54.64885786224943
114,2,"['2009', 'w11']",2009,200911,2009-03-14,3,23.12,6.962505070679713,7.657078241265339,6.549646597061683
115,4,"['2009', 'w12']",2009,200912,2009-03-21,3,23.274714285714282,41.62467381250836,45.74629733504881,39.78807589089105
116,0,"['2009', 'w13']",2009,200913,2009-03-28,3,23.249714285714287,69.64152872886224,67.52426270609317,70.50993150527323
117,2,"['2009', 'w14']",2009,200914,2009-04-04,4,23.661642857142855,85.76418481261686,86.09718721362128,86.07133732935705
118,3,"['2009', 'w15']",2009,200915,2009-04-11,4,21.271285714285714,22.51142393834818,22.32937578003188,22.51637958758468
119,2,"['2009', 'w16']",2009,200916,2009-04-18,4,21.877428571428567,43.92046855607518,43.53832319208965,44.20811853015095
120,0,"['2009', 'w17']",2009,200917,2009-04-25,4,29.448857142857147,30.12691756102079,30.82519588078854,29.76936927104216
121,1,"['2009', 'w18']",2009,200918,2009-05-02,5,29.0805,82.62970899421056,82.99196341325695,82.35251388965398
122,0,"['2009', 'w19']",2009,200919,2009-05-09,5,24.47192857142857,65.94348699551027,67.88462718143556,65.04836313615152
123,5,"['2009', 'w20']",2009,200920,2009-05-16,5,25.835857142857147,40.77061337145987,37.04322525475912,42.39616311143297
124,5,"['2009', 'w21']",2009,200921,2009-05-23,5,24.96671428571429,26.86709583321479,26.41437864246,27.07752099392611
125,5,"['2009', 'w22']",2009,200922,2009-05-30,5,26.627785714285718,31.7382568089328,31.11973702757831,32.0088584046845
126,7,"['2009', 'w23']",2009,200923,2009-06-06,6,26.665714285714287,26.87149973647623,24.2038740625704,28.13285949700469
127,6,"['2009', 'w24']",2009,200924,2009-06-13,6,23.757571428571428,78.31845589529014,75.12796149299918,80.18292454185836
128,3,"['2009', 'w25']",2009,200925,2009-06-20,6,24.06864285714286,32.60728277244375,30.97942593178312,33.49569337717984
129,6,"['2009', 'w26']",2009,200926,2009-06-27,6,24.451428571428576,53.54465367202133,54.02019996827351,53.48653651114998
130,7,"['2009', 'w27']",2009,200927,2009-07-04,7,23.62542857142857,33.220562057712,31.62594298602303,34.02008819131677
131,8,"['2009', 'w28']",2009,200928,2009-07-11,7,19.57271428571429,43.69152626016813,44.78601603646209,43.19240171810902
132,5,"['2009', 'w29']",2009,200929,2009-07-18,7,21.30507142857143,5.256693333858037,5.643995238502244,5.068475593503462
133,6,"['2009', 'w30']",2009,200930,2009-07-25,7,25.5835,25.37436141835235,26.19090655368307,24.93647816049943
134,6,"['2009', 'w31']",2009,200931,2009-08-01,8,22.12,0.0,0.0,0.0
135,5,"['2009', 'w32']",2009,200932,2009-08-08,8,22.778500000000005,32.17632822725341,30.35857855110352,33.1279668721584
136,14,"['2009', 'w33']",2009,200933,2009-08-15,8,21.738357142857147,21.14609629642489,20.22881694369846,21.48837845675442
137,10,"['2009', 'w34']",2009,200934,2009-08-22,8,22.9465,42.96620822367002,37.82422108788422,45.40247300863267
138,10,"['2009', 'w35']",2009,200935,2009-08-29,8,25.33957142857143,23.21228287134153,25.21538991306139,22.38656388685244
139,7,"['2009', 'w36']",2009,200936,2009-09-05,9,25.04135714285714,22.44606628183767,21.2151106055808,22.97720286228241
140,6,"['2009', 'w37']",2009,200937,2009-09-12,9,25.050642857142854,22.40481164714466,22.35216103913127,22.36533128187197
141,10,"['2009', 'w38']",2009,200938,2009-09-19,9,20.530285714285718,49.05067190473319,48.64723211878164,49.06664939298543
142,25,"['2009', 'w39']",2009,200939,2009-09-26,9,27.33107142857143,15.95909467642622,15.57376619122455,16.12203576914762
143,20,"['2009', 'w40']",2009,200940,2009-10-03,10,29.841857142857148,26.39811132862383,26.81168790715904,26.21625522998495
144,18,"['2009', 'w41']",2009,200941,2009-10-10,10,28.550285714285717,28.29979125246998,28.45243328205054,28.14265003357458
145,15,"['2009', 'w42']",2009,200942,2009-10-17,10,28.509428571428572,65.76308597617714,68.9653446920828,64.33545972513497
146,13,"['2009', 'w43']",2009,200943,2009-10-24,10,25.196142857142853,73.52728490398718,75.71692176302851,72.2173680561398
147,11,"['2009', 'w44']",2009,200944,2009-10-31,10,26.35192857142857,44.5121873448487,46.05622859991692,43.84746534835308
148,13,"['2009', 'w45']",2009,200945,2009-11-07,11,23.85407142857143,76.72368545134613,78.67331593785309,75.83543470802657
149,15,"['2009', 'w46']",2009,200946,2009-11-14,11,22.186714285714288,46.52595188206536,46.08528971004025,46.65923252105713
150,12,"['2009', 'w47']",2009,200947,2009-11-21,11,21.68471428571429,39.24921940552308,42.06271579115863,37.95971376042849
151,26,"['2009', 'w48']",2009,200948,2009-11-28,11,24.1245,17.05926491434034,15.96490422827034,17.53907217569307
152,16,"['2009', 'w49']",2009,200949,2009-12-05,12,23.533785714285717,10.34348023645651,11.25996516937219,9.953950548500098
153,24,"['2009', 'w50']",2009,200950,2009-12-12,12,23.89,1.727428903929132,2.71445662871651,1.212972167872508
154,21,"['2009', 'w51']",2009,200951,2009-12-19,12,23.145714285714288,45.73547153192762,41.61709418365921,47.57931937558935
155,16,"['2009', 'w52']",2009,200952,2009-12-26,12,20.066,28.98392893593294,31.15552903765065,28.09820514600211
156,30,"['2010', 'w01']",2010,201001,2010-01-02,1,22.215857142857146,0.0,0.0,0.0
157,36,"['2010', 'w02']",2010,201002,2010-01-09,1,24.66407142857143,0.0,0.0,0.0
158,37,"['2010', 'w03']",2010,201003,2010-01-16,1,25.342071428571426,0.0,0.0,0.0
159,46,"['2010', 'w04']",2010,201004,2010-01-23,1,24.15364285714286,11.8974201200284,12.39886305527986,11.67501221993648
160,83,"['2010', 'w05']",2010,201005,2010-01-30,1,20.89535714285714,22.49374107416867,22.82029028883303,22.3286827738132
161,83,"['2010', 'w06']",2010,201006,2010-02-06,2,23.76928571428571,0.0,0.0,0.0
162,96,"['2010', 'w07']",2010,201007,2010-02-13,2,26.339928571428572,0.0,0.0,0.0
163,95,"['2010', 'w08']",2010,201008,2010-02-20,2,25.8245,12.35433174075767,13.13382326761882,12.00324606556411
164,115,"['2010', 'w09']",2010,201009,2010-02-27,2,26.386,33.55775372159684,35.06402397409154,32.86022243871601
165,110,"['2010', 'w10']",2010,201010,2010-03-06,3,27.13992857142857,18.35840545797077,19.61799756985356,17.72188034385716
166,136,"['2010', 'w11']",2010,201011,2010-03-13,3,27.94178571428571,20.08118134153394,22.02853646209275,19.21515423945331
167,133,"['2010', 'w12']",2010,201012,2010-03-20,3,24.72207142857143,21.74892438052955,20.85492865198476,22.13135667503427
168,168,"['2010', 'w13']",2010,201013,2010-03-27,3,26.591214285714283,4.482886495954691,4.071560940535172,4.634790281855731
169,234,"['2010', 'w14']",2010,201014,2010-04-03,4,26.649714285714282,60.4990185228843,60.80804039268678,60.35717680049598
170,314,"['2010', 'w15']",2010,201015,2010-04-10,4,24.498500000000003,69.49822338110874,68.9230955976219,69.81806230566917
171,445,"['2010', 'w16']",2010,201016,2010-04-17,4,25.845357142857146,42.55749279806603,43.68716596520466,42.04718212775134
172,511,"['2010', 'w17']",2010,201017,2010-04-24,4,29.22007142857143,37.11199871084017,35.31851847298479,38.00571803981011
173,562,"['2010', 'w18']",2010,201018,2010-05-01,5,28.163000000000004,58.90164161549289,62.0288441132808,57.43068127446219
174,645,"['2010', 'w19']",2010,201019,2010-05-08,5,26.161214285714287,62.24599159057578,60.45600071966936,63.02213088022459
175,731,"['2010', 'w20']",2010,201020,2010-05-15,5,26.880071428571423,40.78356350597819,39.93353622501023,40.98098583615155
176,699,"['2010', 'w21']",2010,201021,2010-05-22,5,24.000357142857148,59.81247615528046,57.60419840559291,60.74086679253011
177,734,"['2010', 'w22']",2010,201022,2010-05-29,5,25.66171428571429,74.02655475228478,78.95747277494793,71.66384905697008
178,820,"['2010', 'w23']",2010,201023,2010-06-05,6,25.97921428571428,60.8844890525201,63.35275831959673,59.73457589936913
179,782,"['2010', 'w24']",2010,201024,2010-06-12,6,27.19371428571429,38.24185064918846,35.19643701009704,39.81525635041228
180,655,"['2010', 'w25']",2010,201025,2010-06-19,6,20.69828571428571,65.45654383092761,69.19422706428934,63.85319940945425
181,651,"['2010', 'w26']",2010,201026,2010-06-26,6,23.005285714285712,64.99593123407658,60.68986770841811,67.25357079068455
182,572,"['2010', 'w27']",2010,201027,2010-07-03,7,18.871285714285715,29.34802302558137,29.37333010291132,29.37685740650247
183,537,"['2010', 'w28']",2010,201028,2010-07-10,7,20.34342857142857,63.01260335748134,62.86501317876549,63.17577147811925
184,522,"['2010', 'w29']",2010,201029,2010-07-17,7,20.178857142857144,78.31983727815403,76.16027207720106,79.27393578629975
185,447,"['2010', 'w30']",2010,201030,2010-07-24,7,22.041428571428575,61.40069385352047,65.27314295976058,59.75083051515281
186,536,"['2010', 'w31']",2010,201031,2010-07-31,7,22.449428571428577,51.0864065595616,48.97522301466569,52.20453109413113
187,493,"['2010', 'w32']",2010,201032,2010-08-07,8,22.613357142857147,37.42254902668113,38.58734354765519,36.98071314342525
188,493,"['2010', 'w33']",2010,201033,2010-08-14,8,25.398499999999995,23.42920784353833,20.45779736871305,24.86113642082302
189,448,"['2010', 'w34']",2010,201034,2010-08-21,8,22.081,42.5797825912396,40.67367534499238,43.55481824503033
190,409,"['2010', 'w35']",2010,201035,2010-08-28,8,25.83664285714286,67.70464446562721,67.49570609429033,67.71276006950151
191,347,"['2010', 'w36']",2010,201036,2010-09-04,9,23.43607142857142,76.80796908857847,72.83521635083186,78.79936455641318
192,263,"['2010', 'w37']",2010,201037,2010-09-11,9,23.3895,70.07445696570493,71.24931747786664,69.43276727462035
193,290,"['2010', 'w38']",2010,201038,2010-09-18,9,24.956857142857142,82.73066256352037,88.95854753733835,79.48524273732386
194,209,"['2010', 'w39']",2010,201039,2010-09-25,9,26.896428571428572,88.78273422719553,88.62332109598722,88.60406984867306
195,164,"['2010', 'w40']",2010,201040,2010-10-02,10,27.730571428571434,89.06243475810379,90.55631431082021,88.27038351570793
196,166,"['2010', 'w41']",2010,201041,2010-10-09,10,26.361857142857147,70.94244013356771,74.3929521035457,69.12521350427505
197,127,"['2010', 'w42']",2010,201042,2010-10-16,10,25.3945,24.92043845893006,25.34694863701788,24.75911906443605
198,121,"['2010', 'w43']",2010,201043,2010-10-23,10,25.381999999999998,37.44174724436981,38.72541570939879,36.90550592678403
199,80,"['2010', 'w44']",2010,201044,2010-10-30,10,26.17421428571429,76.50659587469117,74.93867471575162,77.21336513287432
200,89,"['2010', 'w45']",2010,201045,2010-11-06,11,24.337,103.5186951922527,110.3374341973936,100.1508070243608
201,67,"['2010', 'w46']",2010,201046,2010-11-13,11,23.826071428571428,65.21330097530435,70.27001193871244,62.84877543033809
202,42,"['2010', 'w47']",2010,201047,2010-11-20,11,23.821428571428577,85.06728789946433,87.39409336790371,84.10513648658717
203,44,"['2010', 'w48']",2010,201048,2010-11-27,11,24.732285714285716,30.36322556126366,31.62925499165116,29.77172494853309
204,46,"['2010', 'w49']",2010,201049,2010-12-04,12,24.281785714285718,119.4819942419844,122.991359443941,117.9709416634446
205,47,"['2010', 'w50']",2010,201050,2010-12-11,12,22.787285714285712,0.04338566291505449,0.02654280363073672,0.05040697570240826
206,33,"['2010', 'w51']",2010,201051,2010-12-18,12,22.996,78.61182998421067,82.64268986522288,76.85088532211584
207,27,"['2010', 'w52']",2010,201052,2010-12-25,12,21.175357142857145,13.30895990641601,13.41991390928554,13.17767244435231
208,38,"['2011', 'w01']",2011,201101,2011-01-01,1,23.541428571428565,17.42993866576474,19.04817109868146,16.68295580531479
209,29,"['2011', 'w02']",2011,201102,2011-01-08,1,22.479357142857147,33.17472407912725,40.93984941768186,29.73608162993685
210,29,"['2011', 'w03']",2011,201103,2011-01-15,1,21.645142857142858,25.81092844955242,22.95105258370367,27.04537121177813
211,26,"['2011', 'w04']",2011,201104,2011-01-22,1,22.616,6.630987687571773,11.39455020508328,4.363782307642316
212,19,"['2011', 'w05']",2011,201105,2011-01-29,1,23.423142857142853,6.017542484811191,1.061788794844623,8.132509315560718
213,14,"['2011', 'w06']",2011,201106,2011-02-05,2,23.243928571428572,0.00418215895934114,0.002558592321792087,0.00485897807899965
214,13,"['2011', 'w07']",2011,201107,2011-02-12,2,20.48057142857143,51.93580854338177,59.3948920475688,48.47373509035198
215,14,"['2011', 'w08']",2011,201108,2011-02-19,2,27.32442857142857,67.95822219530841,75.19037344674557,64.35018884720058
216,19,"['2011', 'w09']",2011,201109,2011-02-26,2,24.266214285714284,3.917529886008362,4.160965092285821,3.779147983691014
217,14,"['2011', 'w10']",2011,201110,2011-03-05,3,19.45392857142857,36.64612583269142,36.72549140418785,36.68413777668542
218,9,"['2011', 'w11']",2011,201111,2011-03-12,3,23.812000000000005,48.1959337865862,50.47506682031973,47.0621747279386
219,14,"['2011', 'w12']",2011,201112,2011-03-19,3,23.292,11.84574036242762,12.57292700136342,11.47198477053861
220,7,"['2011', 'w13']",2011,201113,2011-03-26,3,28.010714285714286,91.62412252594832,93.88337001846608,90.56215108075274
221,15,"['2011', 'w14']",2011,201114,2011-04-02,4,27.113142857142854,25.39282386836114,22.33206036528527,26.89568309811277
222,18,"['2011', 'w15']",2011,201115,2011-04-09,4,25.904,94.30838267199239,97.48531391263583,92.69092365404882
223,16,"['2011', 'w16']",2011,201116,2011-04-16,4,28.02135714285714,108.6490443157984,109.4475894467266,108.4247048369241
224,16,"['2011', 'w17']",2011,201117,2011-04-23,4,29.480500000000006,71.12227028469006,69.23549317023605,72.3399043638772
225,9,"['2011', 'w18']",2011,201118,2011-04-30,4,21.224999999999994,111.6895935148358,118.854262644542,107.9496291394627
226,12,"['2011', 'w19']",2011,201119,2011-05-07,5,24.76464285714286,24.77242288266415,24.3904058366582,24.92789380692561
227,15,"['2011', 'w20']",2011,201120,2011-05-14,5,26.022571428571435,83.11909801825946,82.97403777855031,83.02922832112795
228,22,"['2011', 'w21']",2011,201121,2011-05-21,5,24.639714285714287,16.8748163606122,16.28716542686242,17.05402693398502
229,14,"['2011', 'w22']",2011,201122,2011-05-28,5,24.90842857142857,89.09209809315333,92.10921845182705,87.66363057127786
230,22,"['2011', 'w23']",2011,201123,2011-06-04,6,23.07542857142857,58.36605026175232,57.3851188134456,58.74346040738832
231,18,"['2011', 'w24']",2011,201124,2011-06-11,6,22.875142857142855,28.61972093167971,29.88541847599877,28.01134674729557
232,18,"['2011', 'w25']",2011,201125,2011-06-18,6,24.814642857142854,25.60604588287357,25.05074950658181,25.99856405438634
233,21,"['2011', 'w26']",2011,201126,2011-06-25,6,20.801357142857142,75.229375685534,74.48731036531751,75.77120834490574
234,26,"['2011', 'w27']",2011,201127,2011-07-02,7,22.518,43.02839644348327,42.60184363167067,43.3339571484732
235,19,"['2011', 'w28']",2011,201128,2011-07-09,7,23.13042857142857,12.5245886915331,14.16161362652618,11.74198074778286
236,11,"['2011', 'w29']",2011,201129,2011-07-16,7,25.131000000000004,64.04273483870683,63.44695459540916,64.36463506692046
237,9,"['2011', 'w30']",2011,201130,2011-07-23,7,23.18042857142857,28.85196832539685,29.32252559068698,28.66187122346611
238,16,"['2011', 'w31']",2011,201131,2011-07-30,7,21.917,51.14394177045538,51.10560198878321,51.16415368105293
239,12,"['2011', 'w32']",2011,201132,2011-08-06,8,22.487428571428577,33.9258490737977,32.57485818563452,34.63810908318659
240,12,"['2011', 'w33']",2011,201133,2011-08-13,8,24.43692857142857,15.43075181213422,15.45819763952983,15.54008812051301
241,15,"['2011', 'w34']",2011,201134,2011-08-20,8,22.410499999999995,55.33444232682374,54.54117470225275,55.83336417822662
242,20,"['2011', 'w35']",2011,201135,2011-08-27,8,22.62842857142857,39.65032441594973,40.81626379685702,39.13883999728282
243,9,"['2011', 'w36']",2011,201136,2011-09-03,9,25.08871428571429,22.85173603950689,20.01758646435208,24.15989463132456
244,10,"['2011', 'w37']",2011,201137,2011-09-10,9,27.079285714285717,49.81931177709801,48.87898729711338,50.10425196853252
245,14,"['2011', 'w38']",2011,201138,2011-09-17,9,25.524428571428576,56.5345512929779,55.32259981804999,56.88420251979741
246,14,"['2011', 'w39']",2011,201139,2011-09-24,9,23.37,69.2864641197407,74.46900206349322,66.75379166406229
247,7,"['2011', 'w40']",2011,201140,2011-10-01,10,27.179928571428572,25.27425904245371,28.33535205154603,23.67954260045235
248,14,"['2011', 'w41']",2011,201141,2011-10-08,10,27.77692857142857,75.64054058491243,77.71931119310683,74.7436512721788
249,12,"['2011', 'w42']",2011,201142,2011-10-15,10,22.480642857142858,82.14650348915154,86.54675985926016,80.04712577675463
250,9,"['2011', 'w43']",2011,201143,2011-10-22,10,21.015714285714285,51.28543294620756,51.90308942288017,50.98874885106305
251,12,"['2011', 'w44']",2011,201144,2011-10-29,10,26.12257142857143,49.62672873320491,48.15235644308265,50.36191426001557
252,6,"['2011', 'w45']",2011,201145,2011-11-05,11,27.020571428571426,49.32683447140798,50.9721900470015,48.47217923173118
253,7,"['2011', 'w46']",2011,201146,2011-11-12,11,27.97942857142857,45.10474672290395,45.16476064212081,45.28790616311064
254,11,"['2011', 'w47']",2011,201147,2011-11-19,11,25.08807142857143,86.05555358930093,98.49914199073534,79.97482448192912
255,9,"['2011', 'w48']",2011,201148,2011-11-26,11,25.893285714285717,74.59346596078638,75.04451906969007,74.52341888497729
256,14,"['2011', 'w49']",2011,201149,2011-12-03,12,22.434214285714283,38.53574240606794,38.84700775054343,38.27967147345936
257,14,"['2011', 'w50']",2011,201150,2011-12-10,12,19.965,70.60341372553185,83.13112453976692,65.00603057922572
258,17,"['2011', 'w51']",2011,201151,2011-12-17,12,24.392142857142854,42.04234465149032,30.99979546864827,47.56786413280242
259,22,"['2011', 'w52']",2011,201152,2011-12-24,12,22.234928571428576,59.01660578904541,55.9789505806522,59.96763175419712
260,16,"['2012', 'w01']",2012,201201,2012-01-07,1,23.421285714285712,38.04187394551514,39.58679721228743,37.30965932542031
261,14,"['2012', 'w02']",2012,201202,2012-01-07,1,23.421285714285712,38.04187394551514,39.58679721228743,37.30965932542031
262,18,"['2012', 'w03']",2012,201203,2012-01-14,1,24.03942857142857,4.579539330037274,5.112216591028776,4.208911970558516
263,12,"['2012', 'w04']",2012,201204,2012-01-21,1,22.868428571428577,51.51111539481037,57.43266559315189,48.80339029863341
264,13,"['2012', 'w05']",2012,201205,2012-01-28,1,21.051142857142857,8.333172566515694,8.394996043679793,8.301401691480514
265,8,"['2012', 'w06']",2012,201206,2012-02-04,2,24.335,2.589455983342059,0.0,3.760650295073833
266,4,"['2012', 'w07']",2012,201207,2012-02-11,2,25.50671428571428,30.90714996040282,31.0615098250661,30.77589976371975
267,12,"['2012', 'w08']",2012,201208,2012-02-18,2,22.497,0.1025034452041944,0.0733494191929914,0.1109816065622032
268,15,"['2012', 'w09']",2012,201209,2012-02-25,2,23.51014285714286,7.79665509899884,9.87821570087746,6.850938615448977
269,14,"['2012', 'w10']",2012,201210,2012-03-03,3,24.002714285714283,26.32057597090456,26.56546785382257,26.25433409574929
270,16,"['2012', 'w11']",2012,201211,2012-03-10,3,23.663071428571428,37.7457568223011,37.35727264362832,37.88086727354505
271,13,"['2012', 'w12']",2012,201212,2012-03-17,3,22.87364285714286,30.46812554239398,29.94681046089688,30.68523273900014
272,8,"['2012', 'w13']",2012,201213,2012-03-24,3,23.697,49.02437656888161,52.38599753402857,47.52387035363311
273,18,"['2012', 'w14']",2012,201214,2012-03-31,3,24.4045,29.72325797865682,29.56849897633428,29.85189798326667
274,10,"['2012', 'w15']",2012,201215,2012-04-07,4,24.91907142857142,108.7226744405996,118.7640758357762,103.7876602142229
275,9,"['2012', 'w16']",2012,201216,2012-04-14,4,22.56642857142857,55.2942016209068,50.9733054091965,57.43317179964224
276,10,"['2012', 'w17']",2012,201217,2012-04-21,4,23.571928571428572,96.94263055530892,101.895931033351,94.8547910880605
277,10,"['2012', 'w18']",2012,201218,2012-04-28,4,25.413071428571428,84.51028377845628,87.69165355249304,83.0271667427973
278,15,"['2012', 'w19']",2012,201219,2012-05-05,5,24.492785714285716,74.62511236563711,75.35389613322015,74.243978021123
279,13,"['2012', 'w20']",2012,201220,2012-05-12,5,24.712285714285716,39.04570554903769,43.05192783627533,37.11364740669181
280,9,"['2012', 'w21']",2012,201221,2012-05-19,5,25.04542857142857,40.22429072194211,37.11467027641149,41.66018247899659
281,9,"['2012', 'w22']",2012,201222,2012-05-26,5,24.364142857142852,51.00014094047281,50.85780133855515,50.82688838527837
282,19,"['2012', 'w23']",2012,201223,2012-06-02,6,22.262785714285712,11.30477173808098,11.91465170003366,11.05168984597976
283,8,"['2012', 'w24']",2012,201224,2012-06-09,6,24.20957142857143,10.3259835823269,9.94655901590983,10.49715622480309
284,15,"['2012', 'w25']",2012,201225,2012-06-16,6,24.208500000000004,61.88395525350347,57.63447509756411,64.17505926298439
285,13,"['2012', 'w26']",2012,201226,2012-06-23,6,23.92142857142857,16.68961335102064,18.22882048127732,16.0377023496759
286,13,"['2012', 'w27']",2012,201227,2012-06-30,6,20.49521428571429,18.38621725312381,17.73319536741229,18.62748439995521
287,13,"['2012', 'w28']",2012,201228,2012-07-07,7,21.108,31.33406942039822,31.23815576350632,31.42688411999186
288,13,"['2012', 'w29']",2012,201229,2012-07-14,7,22.329785714285716,44.25871144478937,45.86287952678791,43.64085848511906
289,15,"['2012', 'w30']",2012,201230,2012-07-21,7,21.999285714285712,7.333057930969544,6.059863099441436,7.899575105555561
290,12,"['2012', 'w31']",2012,201231,2012-07-28,7,23.68157142857143,15.58238948829853,14.95606452543378,15.90749547153438
291,13,"['2012', 'w32']",2012,201232,2012-08-04,8,24.943571428571428,27.88698498109286,30.12049792814946,26.8265174948841
292,13,"['2012', 'w33']",2012,201233,2012-08-11,8,23.402785714285717,37.18076394979364,30.99605693264284,40.18607705886211
293,17,"['2012', 'w34']",2012,201234,2012-08-18,8,20.153,56.93995917295249,52.7969328728275,59.11405769892788
294,10,"['2012', 'w35']",2012,201235,2012-08-25,8,23.987,63.86680167058716,62.86548738341401,64.39012737788191
295,24,"['2012', 'w36']",2012,201236,2012-09-01,9,22.446642857142855,9.199490262674367,9.46007691535397,9.061899409490987
296,18,"['2012', 'w37']",2012,201237,2012-09-08,9,27.09842857142857,6.498810208491411,6.55687003377555,6.444984642518769
297,18,"['2012', 'w38']",2012,201238,2012-09-15,9,26.758857142857146,21.28226376073088,22.24796975165749,20.82102953310406
298,15,"['2012', 'w39']",2012,201239,2012-09-22,9,29.81942857142857,41.023925225191,40.42778643271773,41.27808919368533
299,16,"['2012', 'w40']",2012,201240,2012-09-29,9,25.881357142857148,18.64474838185145,19.31795750585731,18.26257797479629
300,21,"['2012', 'w41']",2012,201241,2012-10-06,10,24.886142857142854,42.66555708778559,42.62842157520534,42.61256085295195
301,22,"['2012', 'w42']",2012,201242,2012-10-13,10,26.132571428571428,49.69266606536908,51.77589846947343,48.69305417493942
302,15,"['2012', 'w43']",2012,201243,2012-10-20,10,29.24,78.81414284438026,81.11465473359335,77.7282785264724
303,14,"['2012', 'w44']",2012,201244,2012-10-27,10,25.5855,60.52450358709503,66.55898370282087,57.53507312940895
304,14,"['2012', 'w45']",2012,201245,2012-11-03,11,21.65142857142857,42.22718241518988,41.32692092351868,42.62445597648622
305,12,"['2012', 'w46']",2012,201246,2012-11-10,11,23.83514285714286,21.01273219275159,21.91047540402067,20.52485376563641
306,16,"['2012', 'w47']",2012,201247,2012-11-17,11,26.228428571428577,59.01524927295316,59.90808169553821,58.23495062513088
307,25,"['2012', 'w48']",2012,201248,2012-11-24,11,25.82185714285714,59.41339585484391,59.10116933094707,59.92673604357133
308,10,"['2012', 'w49']",2012,201249,2012-12-01,12,23.302142857142854,43.83475515560794,42.31578235902649,44.43871750722238
309,17,"['2012', 'w50']",2012,201250,2012-12-08,12,21.592214285714284,30.2318519398297,31.9595854971144,29.45585561170491
310,11,"['2012', 'w51']",2012,201251,2012-12-15,12,21.928714285714282,13.98610511890936,12.43491761442544,14.71491920040288
311,5,"['2012', 'w52']",2012,201252,2012-12-22,12,20.77642857142857,0.0,0.0,0.0
312,29,"['2013', 'w01']",2013,201301,2013-01-05,1,22.715785714285712,0.0,0.0,0.0
313,46,"['2013', 'w02']",2013,201302,2013-01-12,1,24.784000000000002,0.0,0.0,0.0
314,31,"['2013', 'w03']",2013,201303,2013-01-19,1,21.10878571428572,19.5566393783856,20.92243423415843,18.8809163388856
315,37,"['2013', 'w04']",2013,201304,2013-01-26,1,23.461142857142853,11.59663364605593,12.18515464395717,11.29014586133694
316,41,"['2013', 'w05']",2013,201305,2013-02-02,2,20.16092857142857,0.0,0.0,0.0
317,41,"['2013', 'w06']",2013,201306,2013-02-09,2,24.856642857142862,69.28864095396281,79.06822877782554,64.47517608458843
318,32,"['2013', 'w07']",2013,201307,2013-02-16,2,23.654571428571426,7.214953136082622,3.675067188428796,8.95097358379889
319,39,"['2013', 'w08']",2013,201308,2013-02-23,2,25.301357142857146,22.72092423097137,22.48042496621321,22.95141046189387
320,50,"['2013', 'w09']",2013,201309,2013-03-02,3,24.234214285714284,27.38893512458042,32.64123496848028,24.73736218596817
321,43,"['2013', 'w10']",2013,201310,2013-03-09,3,25.959285714285713,9.164093384393318,8.629280256764325,9.392135021938097
322,46,"['2013', 'w11']",2013,201311,2013-03-16,3,27.829785714285716,16.681926148117,17.43147009328943,16.3082760398541
323,52,"['2013', 'w12']",2013,201312,2013-03-23,3,23.69721428571429,59.66160961019789,61.2847614739828,58.89864161955109
324,38,"['2013', 'w13']",2013,201313,2013-03-30,3,29.333142857142857,25.27861553987821,24.47520973405977,25.69416448123958
325,58,"['2013', 'w14']",2013,201314,2013-04-06,4,24.837714285714284,15.79845140583517,15.01953883723936,16.1496522540893
326,59,"['2013', 'w15']",2013,201315,2013-04-13,4,26.679428571428577,24.33172010596011,24.73969656649419,24.18593893505017
327,53,"['2013', 'w16']",2013,201316,2013-04-20,4,26.14128571428571,47.33130695947122,44.81405350770351,48.53357660682924
328,48,"['2013', 'w17']",2013,201317,2013-04-27,4,24.750714285714285,52.18000652755428,47.81534697399048,54.24142498073229
329,45,"['2013', 'w18']",2013,201318,2013-05-04,5,23.901714285714284,69.29930794600511,69.4577156688856,69.07603726704187
330,41,"['2013', 'w19']",2013,201319,2013-05-11,5,25.586785714285718,43.13010358576977,41.83626589107052,43.6188658118248
331,62,"['2013', 'w20']",2013,201320,2013-05-18,5,26.6675,50.64868816686294,53.08262973868329,49.46336621527278
332,46,"['2013', 'w21']",2013,201321,2013-05-25,5,26.00164285714286,96.96771710730773,92.57352907807356,98.87286681144609
333,60,"['2013', 'w22']",2013,201322,2013-06-01,6,23.51257142857143,44.53205950141179,43.25250422390187,45.11277578194206
334,61,"['2013', 'w23']",2013,201323,2013-06-08,6,20.88842857142857,11.46124913601354,11.44569190423846,11.47848566704934
335,66,"['2013', 'w24']",2013,201324,2013-06-15,6,22.57092857142857,42.80590457706909,41.4390638127995,43.51521485289302
336,68,"['2013', 'w25']",2013,201325,2013-06-22,6,21.5125,22.99987533946468,22.77450664147087,23.15438921178153
337,46,"['2013', 'w26']",2013,201326,2013-06-29,6,23.78835714285714,55.89493081468761,54.90702169621048,56.49434482307609
338,51,"['2013', 'w27']",2013,201327,2013-07-06,7,22.885857142857148,16.09540584813321,16.06146856828588,16.29608657742859
339,63,"['2013', 'w28']",2013,201328,2013-07-13,7,23.7965,26.1768662766121,26.33369620767768,25.97172860142288
340,45,"['2013', 'w29']",2013,201329,2013-07-20,7,24.19742857142857,6.735152999811058,6.505355322188226,6.874033436589285
341,46,"['2013', 'w30']",2013,201330,2013-07-27,7,24.76871428571428,10.15432221998313,10.08129673914057,10.17044639940109
342,30,"['2013', 'w31']",2013,201331,2013-08-03,8,22.38192857142857,23.53389710846839,23.68742700394801,23.36065852171784
343,41,"['2013', 'w32']",2013,201332,2013-08-10,8,23.604857142857146,60.22926168071267,56.38951546143795,62.21579872304147
344,44,"['2013', 'w33']",2013,201333,2013-08-17,8,24.234928571428572,60.18003114159922,59.48942982447895,60.6081587275234
345,54,"['2013', 'w34']",2013,201334,2013-08-24,8,25.206857142857146,40.55305806564817,40.43607967533352,40.59807309601285
346,36,"['2013', 'w35']",2013,201335,2013-08-31,8,25.78871428571428,21.36026092940165,18.82935913104366,22.53243932220914
347,40,"['2013', 'w36']",2013,201336,2013-09-07,9,27.000571428571426,70.41817943144657,72.88581707074447,69.19623377760617
348,34,"['2013', 'w37']",2013,201337,2013-09-14,9,23.879285714285718,25.90738275882494,24.81236649803493,26.35059674606411
349,39,"['2013', 'w38']",2013,201338,2013-09-21,9,25.791285714285717,15.37944000733479,16.08551283136082,15.00567291871123
350,41,"['2013', 'w39']",2013,201339,2013-09-28,9,23.464714285714283,45.47021408696303,45.92910965110945,45.14220274522764
351,43,"['2013', 'w40']",2013,201340,2013-10-05,10,26.195785714285716,65.27456844191873,66.40494967981239,64.73839213366902
352,42,"['2013', 'w41']",2013,201341,2013-10-12,10,25.589714285714287,35.1604793416648,34.98644133765917,35.17421185598461
353,48,"['2013', 'w42']",2013,201342,2013-10-19,10,20.145928571428573,75.34539922655796,75.25172043675963,75.30503203103301
354,48,"['2013', 'w43']",2013,201343,2013-10-26,10,22.098428571428574,38.21144779392683,39.71997437454077,37.62453997747614
355,40,"['2013', 'w44']",2013,201344,2013-11-02,11,24.21007142857143,28.64893098955883,29.8239664727363,28.08395940776265
356,48,"['2013', 'w45']",2013,201345,2013-11-09,11,23.830928571428572,92.21008696860326,94.00788860689616,91.19479838205041
357,37,"['2013', 'w46']",2013,201346,2013-11-16,11,24.118571428571425,21.30382189069906,22.50088894563021,20.83604447119826
358,46,"['2013', 'w47']",2013,201347,2013-11-23,11,25.50857142857143,60.11986085996549,50.78267966376411,64.41952415912523
359,41,"['2013', 'w48']",2013,201348,2013-11-30,11,25.312857142857148,45.22170462400493,50.56140958583298,42.86800239698603
360,38,"['2013', 'w49']",2013,201349,2013-12-07,12,23.875571428571426,48.01255718003476,60.13250525746368,42.40323436544576
361,48,"['2013', 'w50']",2013,201350,2013-12-14,12,23.755714285714287,20.37555443261594,18.35718721260771,21.25682074761172
362,38,"['2013', 'w51']",2013,201351,2013-12-21,12,24.476714285714284,33.41809670562166,31.15613756502308,34.42883529575592
363,23,"['2013', 'w52']",2013,201352,2013-12-28,12,19.415357142857143,0.0424512157090766,0.02597112056713749,0.04932130236144459
364,49,"['2014', 'w01']",2014,201401,2014-01-04,1,23.294142857142862,5.118434168610177,0.3520172635138323,7.25755666899025
365,57,"['2014', 'w02']",2014,201402,2014-01-11,1,21.166642857142858,39.55263078295575,43.05815781118789,37.81614654895363
366,61,"['2014', 'w03']",2014,201403,2014-01-18,1,23.71792857142857,0.0,0.0,0.0
367,59,"['2014', 'w04']",2014,201404,2014-01-25,1,22.6795,15.69678322981222,14.13147552946339,16.46663930284867
368,39,"['2014', 'w05']",2014,201405,2014-02-01,2,22.031285714285712,12.90592683995741,13.29183086450549,12.74067067137552
369,38,"['2014', 'w06']",2014,201406,2014-02-08,2,21.444142857142857,1.300415201271476,1.876914716803509,0.9974806400614048
370,40,"['2014', 'w07']",2014,201407,2014-02-15,2,24.345785714285718,10.03995911817496,8.616162318538352,10.76796773529927
371,33,"['2014', 'w08']",2014,201408,2014-02-22,2,22.77042857142857,25.38569133814874,26.64445705920602,24.69902674222211
372,30,"['2014', 'w09']",2014,201409,2014-03-01,3,24.499071428571426,62.57294398670474,66.33304954289238,60.67929942542259
373,25,"['2014', 'w10']",2014,201410,2014-03-08,3,21.43478571428572,57.97814802971355,58.20241292847528,57.82426058130527
374,37,"['2014', 'w11']",2014,201411,2014-03-15,3,21.035857142857143,24.94446279071813,24.76443411417053,24.93762205368882
375,32,"['2014', 'w12']",2014,201412,2014-03-22,3,25.05357142857143,11.92906773052709,11.91314014098495,11.89275389067623
376,29,"['2014', 'w13']",2014,201413,2014-03-29,3,25.31092857142857,10.27919621521811,11.9226716797133,9.571778620492427
377,34,"['2014', 'w14']",2014,201414,2014-04-05,4,24.934857142857147,16.95912287458166,17.08688800116092,16.93332222711056
378,32,"['2014', 'w15']",2014,201415,2014-04-12,4,25.347214285714283,7.140461118026993,8.380994601871656,6.496686890147149
379,27,"['2014', 'w16']",2014,201416,2014-04-19,4,24.45642857142857,40.238588429898,37.71360893042191,41.61849282990902
380,43,"['2014', 'w17']",2014,201417,2014-04-26,4,24.394,82.71829284336923,84.30757119206416,81.92514893625855
381,44,"['2014', 'w18']",2014,201418,2014-05-03,5,23.70285714285714,42.51413245180025,41.38410361055014,42.96754042927278
382,35,"['2014', 'w19']",2014,201419,2014-05-10,5,22.92,39.37334501223705,37.37150339135802,40.18463021812089
383,29,"['2014', 'w20']",2014,201420,2014-05-17,5,24.795214285714287,46.55705364535146,47.2843493991428,46.01265430559806
384,29,"['2014', 'w21']",2014,201421,2014-05-24,5,26.084,43.90432980628384,42.09809806473589,44.76829973185828
385,28,"['2014', 'w22']",2014,201422,2014-05-31,5,25.379357142857142,55.7236013531459,54.01036604498896,56.45249075233391
386,45,"['2014', 'w23']",2014,201423,2014-06-07,6,23.896500000000003,30.14861969675207,25.90815209881695,32.09030976568887
387,44,"['2014', 'w24']",2014,201424,2014-06-14,6,27.185357142857143,25.45722088614974,26.44878600023795,25.12096815284239
388,31,"['2014', 'w25']",2014,201425,2014-06-21,6,23.117571428571434,10.3771011236342,8.909869510597654,11.12961153620427
389,44,"['2014', 'w26']",2014,201426,2014-06-28,6,23.624214285714288,31.03857777303935,28.96741911155591,32.10593800708789
390,77,"['2014', 'w27']",2014,201427,2014-07-05,7,23.82385714285714,27.11663253610072,28.1140746563529,26.61243581509371
391,56,"['2014', 'w28']",2014,201428,2014-07-12,7,25.98992857142857,10.04797513804628,9.948467093792512,10.09816062844128
392,69,"['2014', 'w29']",2014,201429,2014-07-19,7,25.287142857142854,2.407403393873894,2.711271508016448,2.267827505529474
393,76,"['2014', 'w30']",2014,201430,2014-07-26,7,23.68228571428571,3.621650841574237,3.584797154359771,3.644942028779503
394,112,"['2014', 'w31']",2014,201431,2014-08-02,8,22.485428571428574,17.62748300871063,17.37894007180624,17.73105693782142
395,97,"['2014', 'w32']",2014,201432,2014-08-09,8,20.958571428571428,45.26306493035315,42.70375722203278,46.39168034354481
396,98,"['2014', 'w33']",2014,201433,2014-08-16,8,22.96592857142857,37.29767042149943,35.36713950369093,38.28515716173233
397,82,"['2014', 'w34']",2014,201434,2014-08-23,8,25.899285714285718,20.96719962957157,19.93267580253491,21.40388413033354
398,88,"['2014', 'w35']",2014,201435,2014-08-30,8,24.111428571428572,35.91220750924687,35.54833004670442,36.16089424737003
399,126,"['2014', 'w36']",2014,201436,2014-09-06,9,24.10085714285714,25.67508763794046,24.85992014235345,26.00720768587305
400,123,"['2014', 'w37']",2014,201437,2014-09-13,9,25.35235714285714,43.95916608459801,48.95963436854635,41.45564104963881
401,117,"['2014', 'w38']",2014,201438,2014-09-20,9,25.330785714285717,43.62984417408084,43.72919594078248,43.46552940989854
402,112,"['2014', 'w39']",2014,201439,2014-09-27,9,27.053785714285716,25.48253521298729,26.84432281917996,24.74959109715365
403,96,"['2014', 'w40']",2014,201440,2014-10-04,10,26.29242857142857,17.54064613479041,16.75779130263029,17.78203487538416
404,95,"['2014', 'w41']",2014,201441,2014-10-11,10,28.707571428571423,91.96638456591306,93.94920287385654,91.03507879097528
405,68,"['2014', 'w42']",2014,201442,2014-10-18,10,25.098142857142854,42.66184895790158,40.04176391057923,43.79751870172834
406,89,"['2014', 'w43']",2014,201443,2014-10-25,10,25.97742857142857,49.98167711703445,50.69113503124403,49.61901002903597
407,76,"['2014', 'w44']",2014,201444,2014-11-01,11,26.56,48.99910150971957,47.76508930316869,49.72360885012041
408,68,"['2014', 'w45']",2014,201445,2014-11-08,11,23.381071428571428,46.99754187010996,53.39017280265329,43.40245099067688
409,68,"['2014', 'w46']",2014,201446,2014-11-15,11,23.94271428571429,65.07276725708797,62.90584783876576,66.40158541880616
410,57,"['2014', 'w47']",2014,201447,2014-11-22,11,23.518428571428572,7.309715783528263,6.912467553880479,7.489640592872551
411,44,"['2014', 'w48']",2014,201448,2014-11-29,11,21.538214285714282,25.95646615067541,26.1786775920702,25.77125106689033
412,74,"['2014', 'w49']",2014,201449,2014-12-06,12,23.75557142857143,38.66555729950822,41.54181492409269,37.34052175310775
413,61,"['2014', 'w50']",2014,201450,2014-12-13,12,25.580928571428572,74.49498610156138,71.58995970527907,75.65358954853967
414,75,"['2014', 'w51']",2014,201451,2014-12-20,12,24.458714285714283,9.15116360552011,9.378245937651483,9.055340723707042
415,63,"['2014', 'w52']",2014,201452,2014-12-27,12,23.396642857142854,0.0,0.0,0.0
416,104,"['2015', 'w01']",2015,201501,2015-01-03,1,22.66407142857143,0.0,0.0,0.0
417,75,"['2015', 'w02']",2015,201502,2015-01-10,1,24.018428571428572,0.0,0.0,0.0
418,58,"['2015', 'w03']",2015,201503,2015-01-17,1,16.11185714285714,5.673355301384375,6.352721723611804,5.373985701690026
419,49,"['2015', 'w04']",2015,201504,2015-01-24,1,22.049714285714288,19.03748158894983,19.76869841693104,18.65153296343777
420,55,"['2015', 'w05']",2015,201505,2015-01-31,1,23.298785714285717,9.110580046607659,8.470382087587735,9.373492617836785
421,37,"['2015', 'w06']",2015,201506,2015-02-07,2,14.783285714285713,29.81118326569688,30.01857593393557,29.61277437570992
422,40,"['2015', 'w07']",2015,201507,2015-02-14,2,15.829928571428573,16.51531342155784,15.83743059185968,16.77936318270657
423,31,"['2015', 'w08']",2015,201508,2015-02-21,2,24.401214285714282,9.43197232503644,11.3655424270077,8.491123779323123
424,45,"['2015', 'w09']",2015,201509,2015-02-28,2,24.285,9.974358250051079,11.62557275099455,9.190537535597425
425,27,"['2015', 'w10']",2015,201510,2015-03-07,3,24.593357142857148,17.79289796340337,18.11917088964711,17.61195498781467
426,34,"['2015', 'w11']",2015,201511,2015-03-14,3,26.429714285714287,5.800419057688227,5.996033378269361,5.717502294494472
427,36,"['2015', 'w12']",2015,201512,2015-03-21,3,27.083214285714288,42.01557249632803,43.76906096555184,41.17936069670074
428,31,"['2015', 'w13']",2015,201513,2015-03-28,3,25.920357142857146,8.920558402753674,6.951503535054156,9.766105818529741
429,34,"['2015', 'w14']",2015,201514,2015-04-04,4,22.78192857142857,39.53711492301389,41.18308128849896,38.70962785351168
430,31,"['2015', 'w15']",2015,201515,2015-04-11,4,23.611285714285717,43.69266028917822,41.63177829641074,44.6114869302566
431,19,"['2015', 'w16']",2015,201516,2015-04-18,4,27.465499999999995,41.84587167643024,40.29019054859733,42.63831897066274
432,16,"['2015', 'w17']",2015,201517,2015-04-25,4,25.18285714285714,40.55353347259612,41.82325210571288,39.86862321151506
433,30,"['2015', 'w18']",2015,201518,2015-05-02,5,27.367071428571425,6.5179588499509,6.759199429710131,6.360028013122191
434,28,"['2015', 'w19']",2015,201519,2015-05-09,5,26.07992857142857,24.50990874173892,22.86808823168566,25.20226730748054
435,30,"['2015', 'w20']",2015,201520,2015-05-16,5,23.33257142857143,16.27291557800898,14.6230840826956,16.99457530948
436,24,"['2015', 'w21']",2015,201521,2015-05-23,5,23.443357142857145,40.81143823866595,40.57587432389098,40.78514853125319
437,26,"['2015', 'w22']",2015,201522,2015-05-30,5,17.18942857142857,70.89505225837947,69.41991099919673,71.56581832072057
438,45,"['2015', 'w23']",2015,201523,2015-06-06,6,26.73257142857143,25.69580535311076,25.80122273175613,25.59066259768031
439,57,"['2015', 'w24']",2015,201524,2015-06-13,6,25.068285714285718,16.43324254986913,17.2718554135106,16.04768280001408
440,38,"['2015', 'w25']",2015,201525,2015-06-20,6,22.15292857142857,8.401684075405683,7.119045643299674,9.020408694295709
441,69,"['2015', 'w26']",2015,201526,2015-06-27,6,25.797785714285716,12.13719803588118,12.83133195586827,11.78084772054208
442,65,"['2015', 'w27']",2015,201527,2015-07-04,7,27.498214285714287,9.49304054891167,7.916672155131465,10.26815443285015
443,52,"['2015', 'w28']",2015,201528,2015-07-11,7,26.05142857142857,17.42441480162019,16.69762549146938,17.89531476120336
444,70,"['2015', 'w29']",2015,201529,2015-07-18,7,21.589285714285715,21.06698912205157,20.76143754507608,21.15515458802565
445,46,"['2015', 'w30']",2015,201530,2015-07-25,7,25.17285714285714,39.84432864693698,37.56651260887367,40.90396353257905
446,49,"['2015', 'w31']",2015,201531,2015-08-01,8,26.604714285714287,11.351359315899,10.93997942560537,11.53637502226261
447,58,"['2015', 'w32']",2015,201532,2015-08-08,8,26.019,3.557494227560878,3.361273285732178,3.617278207113984
448,73,"['2015', 'w33']",2015,201533,2015-08-15,8,20.95728571428572,8.777346911531268,9.319088756174281,8.574829928918716
449,72,"['2015', 'w34']",2015,201534,2015-08-22,8,23.973357142857147,17.81791730259915,18.70128558177303,17.42266565233195
450,67,"['2015', 'w35']",2015,201535,2015-08-29,8,23.79785714285714,24.99793061604623,25.09360649401439,24.95161152990586
451,104,"['2015', 'w36']",2015,201536,2015-09-05,9,25.409285714285716,9.512715513052552,9.110194584943246,9.698890568302314
452,105,"['2015', 'w37']",2015,201537,2015-09-12,9,25.749285714285715,20.74767736234924,20.47587912785258,20.82288496209941
453,119,"['2015', 'w38']",2015,201538,2015-09-19,9,26.22585714285714,26.60708273149937,28.26771311598699,25.80118148447177
454,118,"['2015', 'w39']",2015,201539,2015-09-26,9,24.12092857142857,17.87040884234599,18.1292956966133,17.69575006286486
455,103,"['2015', 'w40']",2015,201540,2015-10-03,10,26.304642857142852,51.06005610067184,54.29232277985356,49.38655382296361
456,116,"['2015', 'w41']",2015,201541,2015-10-10,10,21.67,42.06948664951987,43.39664131569977,41.42802541059091
457,129,"['2015', 'w42']",2015,201542,2015-10-17,10,21.67,46.15873476138088,49.05038986390339,44.77633907663713
458,123,"['2015', 'w43']",2015,201543,2015-10-24,10,26.336071428571426,31.06319959707374,33.45443557034368,29.92756174091899
459,103,"['2015', 'w44']",2015,201544,2015-10-31,10,27.884428571428572,39.40342904462592,40.96867935438663,38.56124506784143
460,121,"['2015', 'w45']",2015,201545,2015-11-07,11,26.450857142857146,50.25190293691011,50.89638235787839,49.95360858801307
461,105,"['2015', 'w46']",2015,201546,2015-11-14,11,25.36114285714286,25.78066052407007,22.24524190552568,27.60429918591036
462,97,"['2015', 'w47']",2015,201547,2015-11-21,11,23.033214285714283,45.09406632640582,47.78300539122688,44.03094489519748
463,135,"['2015', 'w48']",2015,201548,2015-11-28,11,25.988142857142854,10.531173969023,8.931807811939775,11.02465304409692
464,130,"['2015', 'w49']",2015,201549,2015-12-05,12,24.773285714285716,10.21618387665992,9.971593462441856,10.29814454809241
465,147,"['2015', 'w50']",2015,201550,2015-12-12,12,25.796999999999997,15.27243508045537,15.09984955165697,15.36275294352015
466,188,"['2015', 'w51']",2015,201551,2015-12-19,12,22.930214285714282,18.54124773015572,17.71956673244348,18.93394584633888
467,221,"['2015', 'w52']",2015,201552,2015-12-26,12,23.01642857142857,23.00333511505561,21.30850788590989,23.72425878911937
468,235,"['2016', 'w01']",2016,201601,2016-01-02,1,22.255642857142853,30.5340132969358,29.16808648961754,31.21850318864945
469,274,"['2016', 'w02']",2016,201602,2016-01-09,1,22.744857142857146,42.32669386273309,43.26116218705108,41.86599914590153
470,252,"['2016', 'w03']",2016,201603,2016-01-16,1,24.93492857142857,0.0,0.0,0.0
471,262,"['2016', 'w04']",2016,201604,2016-01-23,1,25.693857142857148,5.177298185347907,6.784560860067175,4.370329229547343
472,274,"['2016', 'w05']",2016,201605,2016-01-30,1,24.786357142857145,0.0,0.0,0.0
473,266,"['2016', 'w06']",2016,201606,2016-02-06,2,23.041999999999998,5.563927909353452,6.089229269995206,5.312499871166473
474,234,"['2016', 'w07']",2016,201607,2016-02-13,2,22.06085714285714,2.29187269370464,3.236286535355204,1.790620706606349
475,258,"['2016', 'w08']",2016,201608,2016-02-20,2,25.8358,9.764560191599688,10.617706294221,9.362147763016027
476,272,"['2016', 'w09']",2016,201609,2016-02-27,2,,9.971099730013897,10.73222227349949,9.637876874153768
477,189,"['2016', 'w10']",2016,201610,2016-03-05,3,24.915785714285718,0.8040934203925647,0.9243105323994217,0.8004273682559302
478,237,"['2016', 'w11']",2016,201611,2016-03-12,3,26.338714285714282,24.56267719380251,24.67580828891284,24.48422492564818
479,272,"['2016', 'w12']",2016,201612,2016-03-19,3,24.845214285714285,10.37776039914473,10.41734617718176,10.34436794300692
480,342,"['2016', 'w13']",2016,201613,2016-03-26,3,25.129071428571425,4.338425917634464,4.622447614163017,4.20777468068884
481,303,"['2016', 'w14']",2016,201614,2016-04-02,4,25.04771428571428,33.32479158482519,33.74740765106275,33.07541367373335
482,372,"['2016', 'w15']",2016,201615,2016-04-09,4,24.872857142857146,23.78326877475312,22.56562302008919,24.27761265083191
483,353,"['2016', 'w16']",2016,201616,2016-04-16,4,25.43007142857143,31.94477675281893,31.17030915246494,32.3920853456226
484,343,"['2016', 'w17']",2016,201617,2016-04-23,4,27.197142857142854,37.01372246552478,35.78894999061806,37.67536505482612
485,417,"['2016', 'w18']",2016,201618,2016-04-30,4,19.949000000000005,73.40238212070658,74.42959933948978,72.78485794198622
486,447,"['2016', 'w19']",2016,201619,2016-05-07,5,23.210000000000004,40.01959560434049,42.58531213889376,38.92005392455179
487,464,"['2016', 'w20']",2016,201620,2016-05-14,5,24.707428571428572,56.67426613306441,52.97259204318557,58.06547951151472
488,467,"['2016', 'w21']",2016,201621,2016-05-21,5,27.790357142857147,15.15405554848235,15.40749207187966,14.95910264023947
489,474,"['2016', 'w22']",2016,201622,2016-05-28,5,24.71335714285714,37.1754460553165,36.95800280041165,37.39678539639219
490,515,"['2016', 'w23']",2016,201623,2016-06-04,6,24.735142857142854,54.97872186023377,52.58329894231714,55.9706533989775
491,527,"['2016', 'w24']",2016,201624,2016-06-11,6,20.08442857142857,7.044726993264991,7.10316130919157,7.01654200171112
492,527,"['2016', 'w25']",2016,201625,2016-06-18,6,24.576214285714283,23.62645276501746,22.6582527872445,24.15274003180889
493,514,"['2016', 'w26']",2016,201626,2016-06-25,6,22.0975,25.18459320810123,25.01529167239793,25.31041710305652
494,592,"['2016', 'w27']",2016,201627,2016-07-02,7,17.072714285714287,35.18528451214692,34.9839761554331,35.35336212105707
495,526,"['2016', 'w28']",2016,201628,2016-07-09,7,22.0905,24.63373075247715,23.74778970013494,25.05208638042485
496,461,"['2016', 'w29']",2016,201629,2016-07-16,7,23.340785714285715,38.29041695828236,35.49866977682436,39.4724140772032
497,478,"['2016', 'w30']",2016,201630,2016-07-23,7,20.04357142857143,30.0047337175244,30.18335205460516,29.92649563004118
498,501,"['2016', 'w31']",2016,201631,2016-07-30,7,23.84135714285714,18.45647012931368,17.16822230838923,19.01683787561338
499,488,"['2016', 'w32']",2016,201632,2016-08-06,8,25.18135714285714,33.08282061430448,32.72711508331668,33.32397861830685
500,539,"['2016', 'w33']",2016,201633,2016-08-13,8,24.493857142857145,43.67619228491057,46.94162215080814,42.17617359806638
501,466,"['2016', 'w34']",2016,201634,2016-08-20,8,22.138,55.98077274882484,55.86721144137175,56.07202381201841
502,400,"['2016', 'w35']",2016,201635,2016-08-27,8,25.19442857142857,39.12835298846661,38.39626665161428,39.65073737266961
503,378,"['2016', 'w36']",2016,201636,2016-09-03,9,23.208928571428572,73.97506977475601,75.95947708876237,73.02919651160548
504,342,"['2016', 'w37']",2016,201637,2016-09-10,9,21.789785714285713,89.43600189211394,89.41471627461162,89.44621683238844
505,328,"['2016', 'w38']",2016,201638,2016-09-17,9,23.73878571428572,44.22420894293867,49.2004755333426,41.76809611692341
506,354,"['2016', 'w39']",2016,201639,2016-09-24,9,27.59771428571429,24.6471953395041,25.49853007113876,24.24115067468871
507,263,"['2016', 'w40']",2016,201640,2016-10-01,10,25.89128571428572,50.95836958016162,53.54191921943629,49.59487628718035
508,262,"['2016', 'w41']",2016,201641,2016-10-08,10,25.774785714285716,26.19754317954456,25.54245420446718,26.44579714405427
509,255,"['2016', 'w42']",2016,201642,2016-10-15,10,25.130357142857147,79.51480900977731,82.51708784195537,78.0755286238609
510,226,"['2016', 'w43']",2016,201643,2016-10-22,10,23.06357142857143,47.36537008848811,49.0387781350509,46.49300420896723
511,185,"['2016', 'w44']",2016,201644,2016-10-29,10,26.150714285714283,62.60173939905511,64.80393631792299,61.57294882590618
512,184,"['2016', 'w45']",2016,201645,2016-11-05,11,21.907357142857148,33.88069401853685,34.51178188277903,33.57231667041778
513,192,"['2016', 'w46']",2016,201646,2016-11-12,11,25.211785714285718,63.47911273198119,63.69805375043896,63.37341556899045
514,181,"['2016', 'w47']",2016,201647,2016-11-19,11,23.003571428571433,69.57362497892096,71.24878209524108,68.65405074489226
515,143,"['2016', 'w48']",2016,201648,2016-11-26,11,21.720642857142852,8.57237569877639,7.85619711023598,8.86117940233388
516,116,"['2016', 'w49']",2016,201649,2016-12-03,12,23.935142857142854,71.19318248528282,68.96854970098119,72.17189544264329
517,124,"['2016', 'w50']",2016,201650,2016-12-10,12,21.406642857142856,20.62237911938265,21.92895301136994,19.91513749153242
518,122,"['2016', 'w51']",2016,201651,2016-12-17,12,19.817928571428574,24.94243390139943,25.61844108968542,24.52145070253162
519,110,"['2016', 'w52']",2016,201652,2016-12-24,12,24.742214285714287,0.0,0.0,0.0
520,89,"['2017', 'w01']",2017,201701,2017-01-07,1,22.242642857142858,13.28599430877652,21.42050948442468,9.587827668058761
521,99,"['2017', 'w02']",2017,201702,2017-01-07,1,22.242642857142858,13.28599430877652,21.42050948442468,9.587827668058761
522,78,"['2017', 'w03']",2017,201703,2017-01-14,1,22.25992857142857,56.64834694717779,46.88241064375725,60.85485614067917
523,69,"['2017', 'w04']",2017,201704,2017-01-21,1,22.31592857142857,0.176723892901114,0.008880853883310218,0.249710283366912
524,57,"['2017', 'w05']",2017,201705,2017-01-28,1,24.89635714285714,0.0,0.0,0.0
525,52,"['2017', 'w06']",2017,201706,2017-02-04,2,23.737071428571426,22.65427107006707,22.92355106556473,22.46023272330608
526,47,"['2017', 'w07']",2017,201707,2017-02-11,2,25.41107142857143,4.184477109210218,1.440383215918057,5.486663585846578
527,51,"['2017', 'w08']",2017,201708,2017-02-18,2,24.225285714285718,0.4201875955939519,0.4695300724195398,0.5969196612681817
528,50,"['2017', 'w09']",2017,201709,2017-02-25,2,21.513,33.61878769110067,42.28853331211108,29.40612869087709
529,48,"['2017', 'w10']",2017,201710,2017-03-04,3,23.772714285714283,11.8738681925902,12.5472688852301,11.49075545619387
530,40,"['2017', 'w11']",2017,201711,2017-03-11,3,22.997714285714284,67.99092260253482,72.64724514910564,65.59855660145436
531,42,"['2017', 'w12']",2017,201712,2017-03-18,3,19.385428571428573,51.50529888123556,52.353966413028,50.95927901202386
532,41,"['2017', 'w13']",2017,201713,2017-03-25,3,24.162714285714287,49.46250619047893,54.97345612429191,46.89150513705857
533,56,"['2017', 'w14']",2017,201714,2017-04-01,4,22.897214285714284,73.19034809902057,77.98891862855442,70.77933530949672
534,43,"['2017', 'w15']",2017,201715,2017-04-08,4,22.59242857142857,17.66216333719724,17.83525330824552,17.57413311081195
535,57,"['2017', 'w16']",2017,201716,2017-04-15,4,23.934714285714282,51.17419075220353,52.08200753714151,50.72273991381357
536,38,"['2017', 'w17']",2017,201717,2017-04-22,4,22.143357142857145,36.14602997735265,35.88042157053371,36.28007125832619
537,37,"['2017', 'w18']",2017,201718,2017-04-29,4,23.1465,34.01645418378423,30.87539404129637,35.58548196652614
538,40,"['2017', 'w19']",2017,201719,2017-05-06,5,24.346857142857143,71.8608304767464,70.76568070033899,72.17978387983567
539,46,"['2017', 'w20']",2017,201720,2017-05-13,5,17.052285714285713,81.63883934914124,83.62031901493164,80.54919395763939
540,47,"['2017', 'w21']",2017,201721,2017-05-20,5,22.78642857142857,75.01425383366592,71.49452022077958,76.47653195858001
541,42,"['2017', 'w22']",2017,201722,2017-05-27,5,24.38192857142857,23.69306025780686,21.05158968363407,24.99946017823088
542,33,"['2017', 'w23']",2017,201723,2017-06-03,6,24.463357142857145,11.44033197654777,11.65061338638914,11.33040312982481
543,39,"['2017', 'w24']",2017,201724,2017-06-10,6,25.86057142857143,34.99538607267511,34.23683312710933,35.29031996202032
544,24,"['2017', 'w25']",2017,201725,2017-06-17,6,22.57685714285714,57.29242111012969,56.83087248548794,57.62380637455424
545,38,"['2017', 'w26']",2017,201726,2017-06-24,6,23.644571428571425,47.88970240632418,46.64468637641502,48.52851570035339
546,51,"['2017', 'w27']",2017,201727,2017-07-01,7,22.94685714285714,50.82516759080519,46.45580398126501,53.13995200833049
547,50,"['2017', 'w28']",2017,201728,2017-07-08,7,21.022285714285715,9.678908339724538,9.831870873078055,9.610596407116006
548,38,"['2017', 'w29']",2017,201729,2017-07-15,7,21.557714285714287,9.974206020390769,8.82065289809508,10.4779536873649
549,36,"['2017', 'w30']",2017,201730,2017-07-22,7,23.88528571428572,20.90552008091763,19.99581560005888,21.30760458839049
550,38,"['2017', 'w31']",2017,201731,2017-07-29,7,20.194000000000003,2.96231620304583,2.538664320989508,3.162415405643095
551,27,"['2017', 'w32']",2017,201732,2017-08-05,8,23.54642857142857,25.33447240107585,25.0118897964413,25.51706278302253
552,14,"['2017', 'w33']",2017,201733,2017-08-12,8,20.49,42.93613660124684,41.97251705962103,43.44508865185833
553,44,"['2017', 'w34']",2017,201734,2017-08-19,8,23.08285714285714,28.90376445310295,29.20650747432801,28.76274531740661
554,29,"['2017', 'w35']",2017,201735,2017-08-26,8,17.40592857142857,22.00951444869244,20.3704921832983,22.78155284791912
555,31,"['2017', 'w36']",2017,201736,2017-09-02,9,22.16857142857143,48.51130760695011,49.54086026223963,48.11709409886544
556,39,"['2017', 'w37']",2017,201737,2017-09-09,9,17.831,54.55174222108463,53.71143117066167,54.75414954839496
557,37,"['2017', 'w38']",2017,201738,2017-09-16,9,22.191142857142854,60.45407248567496,62.50786120235057,59.31898413973117
558,42,"['2017', 'w39']",2017,201739,2017-09-23,9,22.99328571428572,38.40772344029861,37.64376287229972,38.64747356154503
559,31,"['2017', 'w40']",2017,201740,2017-09-30,9,22.389,47.13399457833621,48.94543390412262,46.23887647259126
560,29,"['2017', 'w41']",2017,201741,2017-10-07,10,24.317142857142855,62.92345454853994,66.80339856954014,61.12341168298633
561,27,"['2017', 'w42']",2017,201742,2017-10-14,10,22.78257142857143,29.06588221899106,29.93065072004346,28.67941154689964
562,27,"['2017', 'w43']",2017,201743,2017-10-21,10,22.587714285714288,30.4562286207816,28.37287916538221,31.35844090050514
563,24,"['2017', 'w44']",2017,201744,2017-10-28,10,16.0335,71.562650883002,73.36629491704673,70.63398697108305
564,27,"['2017', 'w45']",2017,201745,2017-11-04,11,21.86507142857143,32.02472489978118,31.63387052356333,32.14288549040436
565,22,"['2017', 'w46']",2017,201746,2017-11-11,11,25.779357142857148,27.77995214097799,31.66279832913679,26.04480877316326
566,28,"['2017', 'w47']",2017,201747,2017-11-18,11,22.099571428571423,90.03660594174475,87.23688366608918,91.24917548905819
567,21,"['2017', 'w48']",2017,201748,2017-11-25,11,22.294928571428574,14.6400522666119,16.53744654448136,13.86674116838963
568,30,"['2017', 'w49']",2017,201749,2017-12-02,12,22.002142857142857,49.07748771888579,50.98003850835534,48.24165483111635
569,14,"['2017', 'w50']",2017,201750,2017-12-09,12,20.94742857142857,40.38284165439015,38.75817961255133,40.99481769592391
570,22,"['2017', 'w51']",2017,201751,2017-12-16,12,20.9565,2.250986022280502,0.2821759551043672,3.130214343158477
571,19,"['2017', 'w52']",2017,201752,2017-12-23,12,21.94421428571428,1.437746724823345,1.009213661801988,1.606862039303561
572,16,"['2018', 'w01']",2018,201801,2018-01-06,1,23.26664285714286,40.02067369324304,41.17964958154062,39.27733608845176
573,35,"['2018', 'w02']",2018,201802,2018-01-13,1,18.366214285714285,32.7557701897335,32.81827138449259,32.60256547599757
574,26,"['2018', 'w03']",2018,201803,2018-01-20,1,24.1025,27.83524202185948,32.68112130188136,25.5903078711361
575,26,"['2018', 'w04']",2018,201804,2018-01-27,1,21.187214285714287,12.62149623870398,10.64215813673637,13.6253909886977
576,30,"['2018', 'w05']",2018,201805,2018-02-03,2,24.441642857142853,44.18344324326409,45.46117877130924,43.52730366636854
577,22,"['2018', 'w06']",2018,201806,2018-02-10,2,23.76778571428572,0.0,0.0,0.0
578,23,"['2018', 'w07']",2018,201807,2018-02-17,2,22.232857142857146,19.89619335357102,24.87601730835035,17.53297214201831
579,21,"['2018', 'w08']",2018,201808,2018-02-24,2,22.464,2.433893360974136,0.1963733083384049,3.441495415923792
580,25,"['2018', 'w09']",2018,201809,2018-03-03,3,24.53157142857143,0.0,0.0,0.0
581,22,"['2018', 'w10']",2018,201810,2018-03-10,3,22.877928571428576,9.940256645915934,12.72597911116006,8.373831396146652
582,14,"['2018', 'w11']",2018,201811,2018-03-17,3,25.203142857142858,0.7500108942078851,0.4177360949308976,0.8935515554673081
583,24,"['2018', 'w12']",2018,201812,2018-03-24,3,22.765642857142858,42.40882631991381,44.25552070497891,41.56526239847918
584,20,"['2018', 'w13']",2018,201813,2018-03-31,3,24.499357142857146,49.30677958801435,48.14788177024915,49.86259245610019
585,24,"['2018', 'w14']",2018,201814,2018-04-07,4,24.81242857142857,70.65881503900997,73.65590751528165,69.30660232447703
586,22,"['2018', 'w15']",2018,201815,2018-04-14,4,22.708928571428572,63.2581808095632,59.39755898305183,64.90304493444776
587,22,"['2018', 'w16']",2018,201816,2018-04-21,4,24.693785714285717,19.24912854726,17.79503012371524,19.88726963537549
588,20,"['2018', 'w17']",2018,201817,2018-04-28,4,24.712857142857146,71.54646605840605,72.83927718855908,70.93769581607722
589,24,"['2018', 'w18']",2018,201818,2018-05-05,5,25.19607142857143,70.16691357202343,72.66163378982728,68.85421483035482
590,20,"['2018', 'w19']",2018,201819,2018-05-12,5,22.89592857142857,67.40419753231885,66.13145318284704,67.97307132056001
591,21,"['2018', 'w20']",2018,201820,2018-05-19,5,23.850071428571425,95.22073582388973,100.5759747274832,92.57317740785966
592,17,"['2018', 'w21']",2018,201821,2018-05-26,5,22.243000000000002,87.21710537975525,82.8695460089163,89.10652583039135
593,19,"['2018', 'w22']",2018,201822,2018-06-02,6,23.205785714285717,71.64722375333572,73.7304466943234,70.83596112050047
594,23,"['2018', 'w23']",2018,201823,2018-06-09,6,20.932928571428565,17.17893892161393,16.64215957127907,17.3941463889332
595,22,"['2018', 'w24']",2018,201824,2018-06-16,6,17.169285714285714,22.8924613361937,21.5549596162234,23.63696427826488
596,23,"['2018', 'w25']",2018,201825,2018-06-23,6,23.832428571428572,16.44657741956747,14.89363813146877,17.25677349835361
597,23,"['2018', 'w26']",2018,201826,2018-06-30,6,21.204714285714285,45.29133685472563,44.78946145122178,45.60829050726847
598,27,"['2018', 'w27']",2018,201827,2018-07-07,7,22.897928571428572,30.12205051547428,28.63668305528337,30.87410672085548
599,35,"['2018', 'w28']",2018,201828,2018-07-14,7,23.194142857142854,7.875354722226938,7.768225909258433,7.974265010641256
600,22,"['2018', 'w29']",2018,201829,2018-07-21,7,19.05142857142857,5.765035295516572,7.508440572858433,5.0203644997483
601,19,"['2018', 'w30']",2018,201830,2018-07-28,7,23.234642857142855,33.63700150645239,30.15369040493804,35.2060944128474
602,20,"['2018', 'w31']",2018,201831,2018-08-04,8,22.62985714285714,27.87129159668014,29.4121047526742,27.08868844301329
603,22,"['2018', 'w32']",2018,201832,2018-08-11,8,22.023071428571424,16.2075175335719,14.42300234658707,17.00484078849128
604,18,"['2018', 'w33']",2018,201833,2018-08-18,8,18.59507142857143,36.0210968915912,34.02979648968449,37.07207286245097
605,25,"['2018', 'w34']",2018,201834,2018-08-25,8,21.448357142857144,7.832415083589165,8.078931912103137,7.707486668557203
606,27,"['2018', 'w35']",2018,201835,2018-09-01,9,24.25971428571429,40.81020004110705,41.43105664529663,40.55270552285221
607,25,"['2018', 'w36']",2018,201836,2018-09-08,9,24.756071428571428,62.84701046887938,64.57016055480294,61.98789582810271
608,12,"['2018', 'w37']",2018,201837,2018-09-15,9,25.885428571428577,41.75258779277247,42.65560662135986,41.19827589124715
609,22,"['2018', 'w38']",2018,201838,2018-09-22,9,24.272,34.49988976243321,35.10776283522159,34.11756454870242
610,22,"['2018', 'w39']",2018,201839,2018-09-29,9,22.57728571428572,56.82920400763492,56.12910631290381,57.08168940445698
611,27,"['2018', 'w40']",2018,201840,2018-10-06,10,22.56207142857143,87.86588078394617,93.067003202208,85.32422921460703
612,23,"['2018', 'w41']",2018,201841,2018-10-13,10,22.67721428571428,77.0090914331353,76.19373085556398,77.2908284583223
613,24,"['2018', 'w42']",2018,201842,2018-10-20,10,22.6075,37.89937369475543,43.35085780309595,35.3539628352594
614,24,"['2018', 'w43']",2018,201843,2018-10-27,10,19.606142857142856,38.1945889791355,39.59966766799706,37.50475359509844
615,17,"['2018', 'w44']",2018,201844,2018-11-03,11,24.441142857142854,46.55208051844781,48.63354818417831,45.44054884298132
616,20,"['2018', 'w45']",2018,201845,2018-11-10,11,22.53335714285714,30.39883179327241,33.0562642959005,29.52063973474939
617,15,"['2018', 'w46']",2018,201846,2018-11-17,11,22.496285714285712,28.65485980197439,28.31506110251238,28.39808493590137
618,41,"['2018', 'w47']",2018,201847,2018-11-24,11,23.138785714285717,61.38116143371813,65.42197721085111,59.68664290642521
619,28,"['2018', 'w48']",2018,201848,2018-12-01,12,21.436857142857143,66.0136559872558,63.43063318879133,67.06114018335255
620,12,"['2018', 'w49']",2018,201849,2018-12-08,12,22.156285714285712,6.260106713878755,5.855196222360584,6.587604956889373
621,27,"['2018', 'w50']",2018,201850,2018-12-15,12,17.271,17.0061194528452,16.07686931960249,17.34106017143354
622,17,"['2018', 'w51']",2018,201851,2018-12-22,12,19.07107142857143,7.186195999026224,6.909809093198914,7.298138123750687
623,17,"['2018', 'w52']",2018,201852,2018-12-29,12,23.723142857142854,1.267031060659991,1.186993133920978,1.300537345032079
624,23,"['2019', 'w01']",2019,201901,2019-01-05,1,25.608142857142855,0.0,0.0,0.0
625,30,"['2019', 'w02']",2019,201902,2019-01-12,1,20.93614285714286,47.28906256506431,49.44569325470117,46.19432254056319
626,24,"['2019', 'w03']",2019,201903,2019-01-19,1,19.335428571428572,0.3646905776148571,0.0,0.5272134710889345
627,11,"['2019', 'w04']",2019,201904,2019-01-26,1,22.664142857142853,5.352711783356104,5.092413220428615,5.460141702420121
628,17,"['2019', 'w05']",2019,201905,2019-02-02,2,23.246785714285718,18.02877777163469,19.10117111666767,17.5561871062725
629,19,"['2019', 'w06']",2019,201906,2019-02-09,2,22.660357142857148,1.789182846409116,1.703738758529442,1.779287108150097
630,19,"['2019', 'w07']",2019,201907,2019-02-16,2,24.311,8.574461712539007,9.593008147345651,8.080294283814386
631,9,"['2019', 'w08']",2019,201908,2019-02-23,2,24.82057142857143,41.54210992757083,42.15806238754936,41.10042106711536
632,18,"['2019', 'w09']",2019,201909,2019-03-02,3,26.21614285714286,12.60561522726612,15.15602120500832,11.39490145040215
633,15,"['2019', 'w10']",2019,201910,2019-03-09,3,21.398857142857143,22.11235639503766,23.53191527928707,21.4632281010304
634,14,"['2019', 'w11']",2019,201911,2019-03-16,3,21.49178571428572,7.358620949583721,7.335907120635544,7.377772271305048
635,12,"['2019', 'w12']",2019,201912,2019-03-23,3,20.550857142857144,30.50688129185275,29.75135698733123,30.82762189502017
636,21,"['2019', 'w13']",2019,201913,2019-03-30,3,21.638357142857146,37.7363931980603,37.33301149313002,37.94751653190053
637,18,"['2019', 'w14']",2019,201914,2019-04-06,4,18.13028571428572,104.4416821620469,107.2202325097605,103.2279456217355
638,11,"['2019', 'w15']",2019,201915,2019-04-13,4,24.52842857142857,23.10687778444887,22.63757420830105,23.25952200583362
639,18,"['2019', 'w16']",2019,201916,2019-04-20,4,22.57371428571429,64.19048002906337,67.12452773287677,62.67997903441071
640,28,"['2019', 'w17']",2019,201917,2019-04-27,4,24.066999999999997,47.95026329722648,49.17688938569331,47.36259251734533
641,22,"['2019', 'w18']",2019,201918,2019-05-04,5,22.99492857142857,18.12753899439708,17.15752833229332,18.59826827771073
642,16,"['2019', 'w19']",2019,201919,2019-05-11,5,19.826,47.73653796618299,48.38611598867149,47.20068706438083
643,26,"['2019', 'w20']",2019,201920,2019-05-18,5,20.234857142857145,67.37007007083784,63.65419701700625,69.0501932586005
644,27,"['2019', 'w21']",2019,201921,2019-05-25,5,23.59,103.2976113909494,104.3563585161587,102.6919558781003
645,24,"['2019', 'w22']",2019,201922,2019-06-01,6,22.867500000000003,70.74088970619293,70.00033392721903,71.00531764380429
646,32,"['2019', 'w23']",2019,201923,2019-06-08,6,22.531571428571425,34.77735231740521,32.53602706314861,35.97602609111628
647,25,"['2019', 'w24']",2019,201924,2019-06-15,6,22.952785714285717,35.40701411437627,34.78708940658017,35.75963336163704
648,25,"['2019', 'w25']",2019,201925,2019-06-22,6,20.49007142857143,11.51405529520667,11.47683489956142,11.59093611527474
649,23,"['2019', 'w26']",2019,201926,2019-06-29,6,23.175857142857147,14.30765593859566,14.04030039955452,14.46074463848127
650,39,"['2019', 'w27']",2019,201927,2019-07-06,7,23.599857142857147,33.32821803012379,32.59587448368902,33.63456194810911
651,28,"['2019', 'w28']",2019,201928,2019-07-13,7,22.025357142857146,11.64102616531519,12.01717502667708,11.39734197652668
652,37,"['2019', 'w29']",2019,201929,2019-07-20,7,24.179857142857145,16.74312083877797,17.04488697351465,16.654378693585
653,23,"['2019', 'w30']",2019,201930,2019-07-27,7,24.233357142857145,13.4809796274725,12.85179916268961,13.78663184172517
654,25,"['2019', 'w31']",2019,201931,2019-08-03,8,21.477857142857147,10.91007456298275,11.56888671543287,10.62408561990895
655,36,"['2019', 'w32']",2019,201932,2019-08-10,8,24.601714285714284,5.639812740433164,5.137114815665903,5.8011388156939
656,34,"['2019', 'w33']",2019,201933,2019-08-17,8,24.4345,6.413075232234696,6.05158721053082,6.622210277111158
657,40,"['2019', 'w34']",2019,201934,2019-08-24,8,22.261357142857147,7.025463932782731,6.864425798717905,7.071758254432896
658,43,"['2019', 'w35']",2019,201935,2019-08-31,8,25.03907142857143,5.943097711343669,5.391657416083387,6.178553262872434
659,28,"['2019', 'w36']",2019,201936,2019-09-07,9,23.712142857142855,15.15803535528297,14.9337231727038,15.21485529842726
660,30,"['2019', 'w37']",2019,201937,2019-09-14,9,22.021071428571425,32.99520763982645,35.96266440181916,31.5063139965228
661,49,"['2019', 'w38']",2019,201938,2019-09-21,9,21.836214285714284,42.93495909473373,41.54892073138324,43.42328664162837
662,45,"['2019', 'w39']",2019,201939,2019-09-28,9,22.862214285714284,66.16084840323303,68.47764558193188,64.64721865894597
663,35,"['2019', 'w40']",2019,201940,2019-10-05,10,23.691999999999997,32.10586704442716,33.89258312510984,31.40744661727083
664,29,"['2019', 'w41']",2019,201941,2019-10-12,10,23.142142857142854,37.03947881129597,40.30204725012112,35.38683362728959
665,26,"['2019', 'w42']",2019,201942,2019-10-19,10,22.215142857142855,52.6807332453062,51.21470471442034,53.22369210982543
666,29,"['2019', 'w43']",2019,201943,2019-10-26,10,23.29585714285714,61.52187185820642,60.57160710228815,62.03398801536735
667,17,"['2019', 'w44']",2019,201944,2019-11-02,11,23.271714285714282,41.12720940418809,41.27793897361571,40.90116590622369
668,35,"['2019', 'w45']",2019,201945,2019-11-09,11,23.949571428571428,70.70758161421297,70.93383554652118,70.61484481719657
669,16,"['2019', 'w46']",2019,201946,2019-11-16,11,24.37314285714286,62.53877500944023,61.99420661649843,62.7642153825235
670,21,"['2019', 'w47']",2019,201947,2019-11-23,11,24.55164285714286,23.26601477747692,23.98888481020351,22.9171954990527
671,15,"['2019', 'w48']",2019,201948,2019-11-30,11,21.43028571428571,15.60731346345144,15.8626944233254,15.4627292096068
672,20,"['2019', 'w49']",2019,201949,2019-12-07,12,23.005214285714285,9.035788451126685,6.591551973278395,10.15192040412798
673,30,"['2019', 'w50']",2019,201950,2019-12-14,12,23.116214285714282,26.45026262320074,26.97891653862552,26.22660309830937
674,14,"['2019', 'w51']",2019,201951,2019-12-21,12,21.851142857142854,13.32709637579855,14.84795515502709,12.60680449260484
675,5,"['2019', 'w52']",2019,201952,2019-12-28,12,23.223142857142854,17.38611989513049,15.82188167502915,18.02670031080552
